"Code région";"Libellé région";Inscrits;Votants;"% Votants";Abstentions;"% Abstentions";Exprimés;"% Exprimés/inscrits";"% Exprimés/votants";Blancs;"% Blancs/inscrits";"% Blancs/votants";Nuls;"% Nuls/inscrits";"% Nuls/votants";"Numéro de panneau 1";"Nuance liste 1";"Libellé abrégé de liste 1";"Libellé de liste 1";"Voix 1";"% Voix/inscrits 1";"% Voix/exprimés 1";"Sièges 1";"Numéro de panneau 2";"Nuance liste 2";"Libellé abrégé de liste 2";"Libellé de liste 2";"Voix 2";"% Voix/inscrits 2";"% Voix/exprimés 2";"Sièges 2";"Numéro de panneau 3";"Nuance liste 3";"Libellé abrégé de liste 3";"Libellé de liste 3";"Voix 3";"% Voix/inscrits 3";"% Voix/exprimés 3";"Sièges 3";"Numéro de panneau 4";"Nuance liste 4";"Libellé abrégé de liste 4";"Libellé de liste 4";"Voix 4";"% Voix/inscrits 4";"% Voix/exprimés 4";"Sièges 4";"Numéro de panneau 5";"Nuance liste 5";"Libellé abrégé de liste 5";"Libellé de liste 5";"Voix 5";"% Voix/inscrits 5";"% Voix/exprimés 5";"Sièges 5";"Numéro de panneau 6";"Nuance liste 6";"Libellé abrégé de liste 6";"Libellé de liste 6";"Voix 6";"% Voix/inscrits 6";"% Voix/exprimés 6";"Sièges 6";"Numéro de panneau 7";"Nuance liste 7";"Libellé abrégé de liste 7";"Libellé de liste 7";"Voix 7";"% Voix/inscrits 7";"% Voix/exprimés 7";"Sièges 7";"Numéro de panneau 8";"Nuance liste 8";"Libellé abrégé de liste 8";"Libellé de liste 8";"Voix 8";"% Voix/inscrits 8";"% Voix/exprimés 8";"Sièges 8";"Numéro de panneau 9";"Nuance liste 9";"Libellé abrégé de liste 9";"Libellé de liste 9";"Voix 9";"% Voix/inscrits 9";"% Voix/exprimés 9";"Sièges 9";"Numéro de panneau 10";"Nuance liste 10";"Libellé abrégé de liste 10";"Libellé de liste 10";"Voix 10";"% Voix/inscrits 10";"% Voix/exprimés 10";"Sièges 10";"Numéro de panneau 11";"Nuance liste 11";"Libellé abrégé de liste 11";"Libellé de liste 11";"Voix 11";"% Voix/inscrits 11";"% Voix/exprimés 11";"Sièges 11";"Numéro de panneau 12";"Nuance liste 12";"Libellé abrégé de liste 12";"Libellé de liste 12";"Voix 12";"% Voix/inscrits 12";"% Voix/exprimés 12";"Sièges 12";"Numéro de panneau 13";"Nuance liste 13";"Libellé abrégé de liste 13";"Libellé de liste 13";"Voix 13";"% Voix/inscrits 13";"% Voix/exprimés 13";"Sièges 13";"Numéro de panneau 14";"Nuance liste 14";"Libellé abrégé de liste 14";"Libellé de liste 14";"Voix 14";"% Voix/inscrits 14";"% Voix/exprimés 14";"Sièges 14";"Numéro de panneau 15";"Nuance liste 15";"Libellé abrégé de liste 15";"Libellé de liste 15";"Voix 15";"% Voix/inscrits 15";"% Voix/exprimés 15";"Sièges 15";"Numéro de panneau 16";"Nuance liste 16";"Libellé abrégé de liste 16";"Libellé de liste 16";"Voix 16";"% Voix/inscrits 16";"% Voix/exprimés 16";"Sièges 16";"Numéro de panneau 17";"Nuance liste 17";"Libellé abrégé de liste 17";"Libellé de liste 17";"Voix 17";"% Voix/inscrits 17";"% Voix/exprimés 17";"Sièges 17";"Numéro de panneau 18";"Nuance liste 18";"Libellé abrégé de liste 18";"Libellé de liste 18";"Voix 18";"% Voix/inscrits 18";"% Voix/exprimés 18";"Sièges 18";"Numéro de panneau 19";"Nuance liste 19";"Libellé abrégé de liste 19";"Libellé de liste 19";"Voix 19";"% Voix/inscrits 19";"% Voix/exprimés 19";"Sièges 19";"Numéro de panneau 20";"Nuance liste 20";"Libellé abrégé de liste 20";"Libellé de liste 20";"Voix 20";"% Voix/inscrits 20";"% Voix/exprimés 20";"Sièges 20";"Numéro de panneau 21";"Nuance liste 21";"Libellé abrégé de liste 21";"Libellé de liste 21";"Voix 21";"% Voix/inscrits 21";"% Voix/exprimés 21";"Sièges 21";"Numéro de panneau 22";"Nuance liste 22";"Libellé abrégé de liste 22";"Libellé de liste 22";"Voix 22";"% Voix/inscrits 22";"% Voix/exprimés 22";"Sièges 22";"Numéro de panneau 23";"Nuance liste 23";"Libellé abrégé de liste 23";"Libellé de liste 23";"Voix 23";"% Voix/inscrits 23";"% Voix/exprimés 23";"Sièges 23";"Numéro de panneau 24";"Nuance liste 24";"Libellé abrégé de liste 24";"Libellé de liste 24";"Voix 24";"% Voix/inscrits 24";"% Voix/exprimés 24";"Sièges 24";"Numéro de panneau 25";"Nuance liste 25";"Libellé abrégé de liste 25";"Libellé de liste 25";"Voix 25";"% Voix/inscrits 25";"% Voix/exprimés 25";"Sièges 25";"Numéro de panneau 26";"Nuance liste 26";"Libellé abrégé de liste 26";"Libellé de liste 26";"Voix 26";"% Voix/inscrits 26";"% Voix/exprimés 26";"Sièges 26";"Numéro de panneau 27";"Nuance liste 27";"Libellé abrégé de liste 27";"Libellé de liste 27";"Voix 27";"% Voix/inscrits 27";"% Voix/exprimés 27";"Sièges 27";"Numéro de panneau 28";"Nuance liste 28";"Libellé abrégé de liste 28";"Libellé de liste 28";"Voix 28";"% Voix/inscrits 28";"% Voix/exprimés 28";"Sièges 28";"Numéro de panneau 29";"Nuance liste 29";"Libellé abrégé de liste 29";"Libellé de liste 29";"Voix 29";"% Voix/inscrits 29";"% Voix/exprimés 29";"Sièges 29";"Numéro de panneau 30";"Nuance liste 30";"Libellé abrégé de liste 30";"Libellé de liste 30";"Voix 30";"% Voix/inscrits 30";"% Voix/exprimés 30";"Sièges 30";"Numéro de panneau 31";"Nuance liste 31";"Libellé abrégé de liste 31";"Libellé de liste 31";"Voix 31";"% Voix/inscrits 31";"% Voix/exprimés 31";"Sièges 31";"Numéro de panneau 32";"Nuance liste 32";"Libellé abrégé de liste 32";"Libellé de liste 32";"Voix 32";"% Voix/inscrits 32";"% Voix/exprimés 32";"Sièges 32";"Numéro de panneau 33";"Nuance liste 33";"Libellé abrégé de liste 33";"Libellé de liste 33";"Voix 33";"% Voix/inscrits 33";"% Voix/exprimés 33";"Sièges 33";"Numéro de panneau 34";"Nuance liste 34";"Libellé abrégé de liste 34";"Libellé de liste 34";"Voix 34";"% Voix/inscrits 34";"% Voix/exprimés 34";"Sièges 34";"Numéro de panneau 35";"Nuance liste 35";"Libellé abrégé de liste 35";"Libellé de liste 35";"Voix 35";"% Voix/inscrits 35";"% Voix/exprimés 35";"Sièges 35";"Numéro de panneau 36";"Nuance liste 36";"Libellé abrégé de liste 36";"Libellé de liste 36";"Voix 36";"% Voix/inscrits 36";"% Voix/exprimés 36";"Sièges 36";"Numéro de panneau 37";"Nuance liste 37";"Libellé abrégé de liste 37";"Libellé de liste 37";"Voix 37";"% Voix/inscrits 37";"% Voix/exprimés 37";"Sièges 37";"Numéro de panneau 38";"Nuance liste 38";"Libellé abrégé de liste 38";"Libellé de liste 38";"Voix 38";"% Voix/inscrits 38";"% Voix/exprimés 38";"Sièges 38"
"01";Guadeloupe;318903;42255;"13,25%";276648;"86,75%";38805;"12,17%";"91,84%";1522;"0,48%";"3,60%";1928;"0,60%";"4,56%";1;LDIV;"HUMANITE SOUVERAINE";"POUR UNE HUMANITE SOUVERAINE";149;"0,05%";"0,38%";0;2;LDIV;"POUR UNE DEMOCRATIE REELLE : DECIDONS NOUS-MEMES !";"POUR UNE DEMOCRATIE REELLE : DECIDONS NOUS-MEMES !";1;"0,00%";"0,00%";0;3;LREC;"LA FRANCE FIERE, MENEE PAR MARION MARECHAL ET SOUTENUE PAR ÉRIC ZEMMOUR";"LA FRANCE FIERE, MENEE PAR MARION MARECHAL ET SOUTENUE PAR ÉRIC ZEMMOUR";1294;"0,41%";"3,33%";5;4;LFI;"LFI - UP";"LA FRANCE INSOUMISE - UNION POPULAIRE";5813;"1,82%";"14,98%";9;5;LRN;"La FRANCE REVIENT";"LA FRANCE REVIENT ! AVEC JORDAN BARDELLA ET MARINE LE PEN";11660;"3,66%";"30,05%";30;6;LVEC;"EUROPE ÉCOLOGIE";"EUROPE ÉCOLOGIE";1925;"0,60%";"4,96%";5;7;LDIV;"FREE PALESTINE";"FREE PALESTINE";2;"0,00%";"0,01%";0;8;LDIV;"PARTI ANIMALISTE";"PARTI ANIMALISTE - LES ANIMAUX COMPTENT, VOTRE VOIX AUSSI";24;"0,01%";"0,06%";0;9;LEXG;"PARTI REVOLUTIONNAIRE COMMUNISTES";"PARTI REVOLUTIONNAIRE COMMUNISTES";6;"0,00%";"0,02%";0;10;LDIV;"PARTI PIRATE";"PARTI PIRATE";7;"0,00%";"0,02%";0;11;LENS;"BESOIN D'EUROPE";"BESOIN D'EUROPE";5376;"1,69%";"13,85%";13;12;LDIV;PACE;"PACE - PARTI DES CITOYENS EUROPÉENS, POUR L'ARMÉE EUROPÉENNE, POUR L'EUROPE SOCIALE , POUR LA PLANÈTE !";0;"0,00%";"0,00%";0;13;LECO;ÉQUINOXE;"ÉQUINOXE : ÉCOLOGIE PRATIQUE ET RENOUVEAU DÉMOCRATIQUE";6;"0,00%";"0,02%";0;14;LECO;"ECOLOGIE POSITIVE";"ECOLOGIE POSITIVE ET TERRITOIRES";7;"0,00%";"0,02%";0;15;LDIV;"LISTE ASSELINEAU-FREXIT";"LISTE ASSELINEAU-FREXIT, POUR LE POUVOIR D'ACHAT ET POUR LA PAIX";817;"0,26%";"2,11%";0;16;LEXG;"PAIX ET DECROISSANCE";"PAIX ET DECROISSANCE";5;"0,00%";"0,01%";0;17;LDIV;"POUR UNE AUTRE EUROPE";"POUR UNE AUTRE EUROPE";9;"0,00%";"0,02%";0;18;LLR;"LA DROITE POUR FAIRE ENTENDRE LA VOIX DE LA FRANCE EN EUROPE";"LA DROITE POUR FAIRE ENTENDRE LA VOIX DE LA FRANCE EN EUROPE";1173;"0,37%";"3,02%";6;19;LEXG;"LUTTE OUVRIERE";"LUTTE OUVRIERE - LE CAMP DES TRAVAILLEURS";2162;"0,68%";"5,57%";0;20;LDVG;"CHANGER L'EUROPE";"CHANGER L'EUROPE";3;"0,00%";"0,01%";0;21;LDIV;NLP;"NOUS LE PEUPLE";2;"0,00%";"0,01%";0;22;LEXG;"URGENCE REVOLUTION !";"POUR UN MONDE SANS FRONTIERES NI PATRONS, URGENCE REVOLUTION !";0;"0,00%";"0,00%";0;23;LEXG;PPL;"""POUR LE PAIN, LA PAIX, LA LIBERTÉ !"" PRÉSENTÉE PAR LE PARTI DES TRAVAILLEURS";3;"0,00%";"0,01%";0;24;LEXD;"L'EUROPE CA SUFFIT !";"L'EUROPE CA SUFFIT !";574;"0,18%";"1,48%";0;25;LDIV;"PRENONS-NOUS EN MAIN";"NON ! PRENONS-NOUS EN MAINS";5;"0,00%";"0,01%";0;26;LEXD;"FORTERESSE EUROPE";"FORTERESSE EUROPE - LISTE D'UNITE NATIONALISTE";33;"0,01%";"0,09%";0;27;LUG;"REVEIL EUR";"RÉVEILLER L'EUROPE";5527;"1,73%";"14,24%";13;28;LEXG;"NON À L'UE ET À L'OTAN, COMMUNISTES POUR LA PAIX ET LE PROGRÈS SOCIAL";"NON À L'UE ET À L'OTAN, COMMUNISTES POUR LA PAIX ET LE PROGRÈS SOCIAL";13;"0,00%";"0,03%";0;29;LDVD;AR;"ALLIANCE RURALE";437;"0,14%";"1,13%";0;30;LDIV;"FRANCE LIBRE";"FRANCE LIBRE";37;"0,01%";"0,10%";0;31;LDVG;"EUROPE TERRITOIRES ÉCOLOGIE";"EUROPE TERRITOIRES ÉCOLOGIE";0;"0,00%";"0,00%";0;32;LDIV;"LA RUCHE CITOYENNE";"LA RUCHE CITOYENNE";8;"0,00%";"0,02%";0;33;LCOM;"GAUCHE UNIE";"GAUCHE UNIE POUR LE MONDE DU TRAVAIL SOUTENUE PAR FABIEN ROUSSEL";524;"0,16%";"1,35%";0;34;LDIV;"DEFENDRE LES ENFANTS";"DEFENDRE LES ENFANTS";54;"0,02%";"0,14%";0;35;LECO;EAC;"ÉCOLOGIE AU CENTRE";1071;"0,34%";"2,76%";0;36;LDIV;"DEMOCRATIE REPRESENTATIVE";"DEMOCRATIE REPRESENTATIVE";8;"0,00%";"0,02%";0;37;LDIV;ESPERANTO;"ESPERANTO LANGUE COMMUNE";2;"0,00%";"0,01%";0;38;LDIV;"LIBERTÉ DÉMOCRATIQUE FRANÇAISE";"LIBERTÉ DÉMOCRATIQUE FRANÇAISE";68;"0,02%";"0,18%";0
"02";Martinique;304698;37533;"12,32%";267165;"87,68%";34187;"11,22%";"91,09%";1851;"0,61%";"4,93%";1495;"0,49%";"3,98%";1;LDIV;"HUMANITE SOUVERAINE";"POUR UNE HUMANITE SOUVERAINE";5;"0,00%";"0,01%";0;2;LDIV;"POUR UNE DEMOCRATIE REELLE : DECIDONS NOUS-MEMES !";"POUR UNE DEMOCRATIE REELLE : DECIDONS NOUS-MEMES !";2;"0,00%";"0,01%";0;3;LREC;"LA FRANCE FIERE, MENEE PAR MARION MARECHAL ET SOUTENUE PAR ÉRIC ZEMMOUR";"LA FRANCE FIERE, MENEE PAR MARION MARECHAL ET SOUTENUE PAR ÉRIC ZEMMOUR";1550;"0,51%";"4,53%";5;4;LFI;"LFI - UP";"LA FRANCE INSOUMISE - UNION POPULAIRE";6368;"2,09%";"18,63%";9;5;LRN;"La FRANCE REVIENT";"LA FRANCE REVIENT ! AVEC JORDAN BARDELLA ET MARINE LE PEN";6149;"2,02%";"17,99%";30;6;LVEC;"EUROPE ÉCOLOGIE";"EUROPE ÉCOLOGIE";1992;"0,65%";"5,83%";5;7;LDIV;"FREE PALESTINE";"FREE PALESTINE";11;"0,00%";"0,03%";0;8;LDIV;"PARTI ANIMALISTE";"PARTI ANIMALISTE - LES ANIMAUX COMPTENT, VOTRE VOIX AUSSI";15;"0,00%";"0,04%";0;9;LEXG;"PARTI REVOLUTIONNAIRE COMMUNISTES";"PARTI REVOLUTIONNAIRE COMMUNISTES";1;"0,00%";"0,00%";0;10;LDIV;"PARTI PIRATE";"PARTI PIRATE";62;"0,02%";"0,18%";0;11;LENS;"BESOIN D'EUROPE";"BESOIN D'EUROPE";5883;"1,93%";"17,21%";13;12;LDIV;PACE;"PACE - PARTI DES CITOYENS EUROPÉENS, POUR L'ARMÉE EUROPÉENNE, POUR L'EUROPE SOCIALE , POUR LA PLANÈTE !";35;"0,01%";"0,10%";0;13;LECO;ÉQUINOXE;"ÉQUINOXE : ÉCOLOGIE PRATIQUE ET RENOUVEAU DÉMOCRATIQUE";12;"0,00%";"0,04%";0;14;LECO;"ECOLOGIE POSITIVE";"ECOLOGIE POSITIVE ET TERRITOIRES";4;"0,00%";"0,01%";0;15;LDIV;"LISTE ASSELINEAU-FREXIT";"LISTE ASSELINEAU-FREXIT, POUR LE POUVOIR D'ACHAT ET POUR LA PAIX";1217;"0,40%";"3,56%";0;16;LEXG;"PAIX ET DECROISSANCE";"PAIX ET DECROISSANCE";7;"0,00%";"0,02%";0;17;LDIV;"POUR UNE AUTRE EUROPE";"POUR UNE AUTRE EUROPE";8;"0,00%";"0,02%";0;18;LLR;"LA DROITE POUR FAIRE ENTENDRE LA VOIX DE LA FRANCE EN EUROPE";"LA DROITE POUR FAIRE ENTENDRE LA VOIX DE LA FRANCE EN EUROPE";1503;"0,49%";"4,40%";6;19;LEXG;"LUTTE OUVRIERE";"LUTTE OUVRIERE - LE CAMP DES TRAVAILLEURS";1001;"0,33%";"2,93%";0;20;LDVG;"CHANGER L'EUROPE";"CHANGER L'EUROPE";17;"0,01%";"0,05%";0;21;LDIV;NLP;"NOUS LE PEUPLE";1;"0,00%";"0,00%";0;22;LEXG;"URGENCE REVOLUTION !";"POUR UN MONDE SANS FRONTIERES NI PATRONS, URGENCE REVOLUTION !";1;"0,00%";"0,00%";0;23;LEXG;PPL;"""POUR LE PAIN, LA PAIX, LA LIBERTÉ !"" PRÉSENTÉE PAR LE PARTI DES TRAVAILLEURS";4;"0,00%";"0,01%";0;24;LEXD;"L'EUROPE CA SUFFIT !";"L'EUROPE CA SUFFIT !";578;"0,19%";"1,69%";0;25;LDIV;"PRENONS-NOUS EN MAIN";"NON ! PRENONS-NOUS EN MAINS";11;"0,00%";"0,03%";0;26;LEXD;"FORTERESSE EUROPE";"FORTERESSE EUROPE - LISTE D'UNITE NATIONALISTE";24;"0,01%";"0,07%";0;27;LUG;"REVEIL EUR";"RÉVEILLER L'EUROPE";5477;"1,80%";"16,02%";13;28;LEXG;"NON À L'UE ET À L'OTAN, COMMUNISTES POUR LA PAIX ET LE PROGRÈS SOCIAL";"NON À L'UE ET À L'OTAN, COMMUNISTES POUR LA PAIX ET LE PROGRÈS SOCIAL";19;"0,01%";"0,06%";0;29;LDVD;AR;"ALLIANCE RURALE";435;"0,14%";"1,27%";0;30;LDIV;"FRANCE LIBRE";"FRANCE LIBRE";19;"0,01%";"0,06%";0;31;LDVG;"EUROPE TERRITOIRES ÉCOLOGIE";"EUROPE TERRITOIRES ÉCOLOGIE";4;"0,00%";"0,01%";0;32;LDIV;"LA RUCHE CITOYENNE";"LA RUCHE CITOYENNE";6;"0,00%";"0,02%";0;33;LCOM;"GAUCHE UNIE";"GAUCHE UNIE POUR LE MONDE DU TRAVAIL SOUTENUE PAR FABIEN ROUSSEL";590;"0,19%";"1,73%";0;34;LDIV;"DEFENDRE LES ENFANTS";"DEFENDRE LES ENFANTS";28;"0,01%";"0,08%";0;35;LECO;EAC;"ÉCOLOGIE AU CENTRE";1016;"0,33%";"2,97%";0;36;LDIV;"DEMOCRATIE REPRESENTATIVE";"DEMOCRATIE REPRESENTATIVE";8;"0,00%";"0,02%";0;37;LDIV;ESPERANTO;"ESPERANTO LANGUE COMMUNE";93;"0,03%";"0,27%";0;38;LDIV;"LIBERTÉ DÉMOCRATIQUE FRANÇAISE";"LIBERTÉ DÉMOCRATIQUE FRANÇAISE";31;"0,01%";"0,09%";0
"03";Guyane;109017;10196;"9,35%";98821;"90,65%";9621;"8,83%";"94,36%";318;"0,29%";"3,12%";257;"0,24%";"2,52%";1;LDIV;"HUMANITE SOUVERAINE";"POUR UNE HUMANITE SOUVERAINE";3;"0,00%";"0,03%";0;2;LDIV;"POUR UNE DEMOCRATIE REELLE : DECIDONS NOUS-MEMES !";"POUR UNE DEMOCRATIE REELLE : DECIDONS NOUS-MEMES !";4;"0,00%";"0,04%";0;3;LREC;"LA FRANCE FIERE, MENEE PAR MARION MARECHAL ET SOUTENUE PAR ÉRIC ZEMMOUR";"LA FRANCE FIERE, MENEE PAR MARION MARECHAL ET SOUTENUE PAR ÉRIC ZEMMOUR";507;"0,47%";"5,27%";5;4;LFI;"LFI - UP";"LA FRANCE INSOUMISE - UNION POPULAIRE";1774;"1,63%";"18,44%";9;5;LRN;"La FRANCE REVIENT";"LA FRANCE REVIENT ! AVEC JORDAN BARDELLA ET MARINE LE PEN";2465;"2,26%";"25,62%";30;6;LVEC;"EUROPE ÉCOLOGIE";"EUROPE ÉCOLOGIE";837;"0,77%";"8,70%";5;7;LDIV;"FREE PALESTINE";"FREE PALESTINE";0;"0,00%";"0,00%";0;8;LDIV;"PARTI ANIMALISTE";"PARTI ANIMALISTE - LES ANIMAUX COMPTENT, VOTRE VOIX AUSSI";19;"0,02%";"0,20%";0;9;LEXG;"PARTI REVOLUTIONNAIRE COMMUNISTES";"PARTI REVOLUTIONNAIRE COMMUNISTES";1;"0,00%";"0,01%";0;10;LDIV;"PARTI PIRATE";"PARTI PIRATE";11;"0,01%";"0,11%";0;11;LENS;"BESOIN D'EUROPE";"BESOIN D'EUROPE";1010;"0,93%";"10,50%";13;12;LDIV;PACE;"PACE - PARTI DES CITOYENS EUROPÉENS, POUR L'ARMÉE EUROPÉENNE, POUR L'EUROPE SOCIALE , POUR LA PLANÈTE !";3;"0,00%";"0,03%";0;13;LECO;ÉQUINOXE;"ÉQUINOXE : ÉCOLOGIE PRATIQUE ET RENOUVEAU DÉMOCRATIQUE";8;"0,01%";"0,08%";0;14;LECO;"ECOLOGIE POSITIVE";"ECOLOGIE POSITIVE ET TERRITOIRES";6;"0,01%";"0,06%";0;15;LDIV;"LISTE ASSELINEAU-FREXIT";"LISTE ASSELINEAU-FREXIT, POUR LE POUVOIR D'ACHAT ET POUR LA PAIX";370;"0,34%";"3,85%";0;16;LEXG;"PAIX ET DECROISSANCE";"PAIX ET DECROISSANCE";4;"0,00%";"0,04%";0;17;LDIV;"POUR UNE AUTRE EUROPE";"POUR UNE AUTRE EUROPE";1;"0,00%";"0,01%";0;18;LLR;"LA DROITE POUR FAIRE ENTENDRE LA VOIX DE LA FRANCE EN EUROPE";"LA DROITE POUR FAIRE ENTENDRE LA VOIX DE LA FRANCE EN EUROPE";402;"0,37%";"4,18%";6;19;LEXG;"LUTTE OUVRIERE";"LUTTE OUVRIERE - LE CAMP DES TRAVAILLEURS";157;"0,14%";"1,63%";0;20;LDVG;"CHANGER L'EUROPE";"CHANGER L'EUROPE";6;"0,01%";"0,06%";0;21;LDIV;NLP;"NOUS LE PEUPLE";1;"0,00%";"0,01%";0;22;LEXG;"URGENCE REVOLUTION !";"POUR UN MONDE SANS FRONTIERES NI PATRONS, URGENCE REVOLUTION !";5;"0,00%";"0,05%";0;23;LEXG;PPL;"""POUR LE PAIN, LA PAIX, LA LIBERTÉ !"" PRÉSENTÉE PAR LE PARTI DES TRAVAILLEURS";8;"0,01%";"0,08%";0;24;LEXD;"L'EUROPE CA SUFFIT !";"L'EUROPE CA SUFFIT !";186;"0,17%";"1,93%";0;25;LDIV;"PRENONS-NOUS EN MAIN";"NON ! PRENONS-NOUS EN MAINS";2;"0,00%";"0,02%";0;26;LEXD;"FORTERESSE EUROPE";"FORTERESSE EUROPE - LISTE D'UNITE NATIONALISTE";1;"0,00%";"0,01%";0;27;LUG;"REVEIL EUR";"RÉVEILLER L'EUROPE";1048;"0,96%";"10,89%";13;28;LEXG;"NON À L'UE ET À L'OTAN, COMMUNISTES POUR LA PAIX ET LE PROGRÈS SOCIAL";"NON À L'UE ET À L'OTAN, COMMUNISTES POUR LA PAIX ET LE PROGRÈS SOCIAL";1;"0,00%";"0,01%";0;29;LDVD;AR;"ALLIANCE RURALE";164;"0,15%";"1,70%";0;30;LDIV;"FRANCE LIBRE";"FRANCE LIBRE";12;"0,01%";"0,12%";0;31;LDVG;"EUROPE TERRITOIRES ÉCOLOGIE";"EUROPE TERRITOIRES ÉCOLOGIE";70;"0,06%";"0,73%";0;32;LDIV;"LA RUCHE CITOYENNE";"LA RUCHE CITOYENNE";0;"0,00%";"0,00%";0;33;LCOM;"GAUCHE UNIE";"GAUCHE UNIE POUR LE MONDE DU TRAVAIL SOUTENUE PAR FABIEN ROUSSEL";146;"0,13%";"1,52%";0;34;LDIV;"DEFENDRE LES ENFANTS";"DEFENDRE LES ENFANTS";12;"0,01%";"0,12%";0;35;LECO;EAC;"ÉCOLOGIE AU CENTRE";230;"0,21%";"2,39%";0;36;LDIV;"DEMOCRATIE REPRESENTATIVE";"DEMOCRATIE REPRESENTATIVE";3;"0,00%";"0,03%";0;37;LDIV;ESPERANTO;"ESPERANTO LANGUE COMMUNE";17;"0,02%";"0,18%";0;38;LDIV;"LIBERTÉ DÉMOCRATIQUE FRANÇAISE";"LIBERTÉ DÉMOCRATIQUE FRANÇAISE";127;"0,12%";"1,32%";0
"04";"La Réunion";697195;183830;"26,37%";513365;"73,63%";171314;"24,57%";"93,19%";5467;"0,78%";"2,97%";7049;"1,01%";"3,83%";1;LDIV;"HUMANITE SOUVERAINE";"POUR UNE HUMANITE SOUVERAINE";2;"0,00%";"0,00%";0;2;LDIV;"POUR UNE DEMOCRATIE REELLE : DECIDONS NOUS-MEMES !";"POUR UNE DEMOCRATIE REELLE : DECIDONS NOUS-MEMES !";4;"0,00%";"0,00%";0;3;LREC;"LA FRANCE FIERE, MENEE PAR MARION MARECHAL ET SOUTENUE PAR ÉRIC ZEMMOUR";"LA FRANCE FIERE, MENEE PAR MARION MARECHAL ET SOUTENUE PAR ÉRIC ZEMMOUR";9727;"1,40%";"5,68%";5;4;LFI;"LFI - UP";"LA FRANCE INSOUMISE - UNION POPULAIRE";34797;"4,99%";"20,31%";9;5;LRN;"La FRANCE REVIENT";"LA FRANCE REVIENT ! AVEC JORDAN BARDELLA ET MARINE LE PEN";54317;"7,79%";"31,71%";30;6;LVEC;"EUROPE ÉCOLOGIE";"EUROPE ÉCOLOGIE";8487;"1,22%";"4,95%";5;7;LDIV;"FREE PALESTINE";"FREE PALESTINE";8;"0,00%";"0,00%";0;8;LDIV;"PARTI ANIMALISTE";"PARTI ANIMALISTE - LES ANIMAUX COMPTENT, VOTRE VOIX AUSSI";3083;"0,44%";"1,80%";0;9;LEXG;"PARTI REVOLUTIONNAIRE COMMUNISTES";"PARTI REVOLUTIONNAIRE COMMUNISTES";9;"0,00%";"0,01%";0;10;LDIV;"PARTI PIRATE";"PARTI PIRATE";27;"0,00%";"0,02%";0;11;LENS;"BESOIN D'EUROPE";"BESOIN D'EUROPE";15323;"2,20%";"8,94%";13;12;LDIV;PACE;"PACE - PARTI DES CITOYENS EUROPÉENS, POUR L'ARMÉE EUROPÉENNE, POUR L'EUROPE SOCIALE , POUR LA PLANÈTE !";21;"0,00%";"0,01%";0;13;LECO;ÉQUINOXE;"ÉQUINOXE : ÉCOLOGIE PRATIQUE ET RENOUVEAU DÉMOCRATIQUE";41;"0,01%";"0,02%";0;14;LECO;"ECOLOGIE POSITIVE";"ECOLOGIE POSITIVE ET TERRITOIRES";21;"0,00%";"0,01%";0;15;LDIV;"LISTE ASSELINEAU-FREXIT";"LISTE ASSELINEAU-FREXIT, POUR LE POUVOIR D'ACHAT ET POUR LA PAIX";4495;"0,64%";"2,62%";0;16;LEXG;"PAIX ET DECROISSANCE";"PAIX ET DECROISSANCE";30;"0,00%";"0,02%";0;17;LDIV;"POUR UNE AUTRE EUROPE";"POUR UNE AUTRE EUROPE";9;"0,00%";"0,01%";0;18;LLR;"LA DROITE POUR FAIRE ENTENDRE LA VOIX DE LA FRANCE EN EUROPE";"LA DROITE POUR FAIRE ENTENDRE LA VOIX DE LA FRANCE EN EUROPE";8637;"1,24%";"5,04%";6;19;LEXG;"LUTTE OUVRIERE";"LUTTE OUVRIERE - LE CAMP DES TRAVAILLEURS";1699;"0,24%";"0,99%";0;20;LDVG;"CHANGER L'EUROPE";"CHANGER L'EUROPE";13;"0,00%";"0,01%";0;21;LDIV;NLP;"NOUS LE PEUPLE";10;"0,00%";"0,01%";0;22;LEXG;"URGENCE REVOLUTION !";"POUR UN MONDE SANS FRONTIERES NI PATRONS, URGENCE REVOLUTION !";3;"0,00%";"0,00%";0;23;LEXG;PPL;"""POUR LE PAIN, LA PAIX, LA LIBERTÉ !"" PRÉSENTÉE PAR LE PARTI DES TRAVAILLEURS";4;"0,00%";"0,00%";0;24;LEXD;"L'EUROPE CA SUFFIT !";"L'EUROPE CA SUFFIT !";3041;"0,44%";"1,78%";0;25;LDIV;"PRENONS-NOUS EN MAIN";"NON ! PRENONS-NOUS EN MAINS";14;"0,00%";"0,01%";0;26;LEXD;"FORTERESSE EUROPE";"FORTERESSE EUROPE - LISTE D'UNITE NATIONALISTE";28;"0,00%";"0,02%";0;27;LUG;"REVEIL EUR";"RÉVEILLER L'EUROPE";17425;"2,50%";"10,17%";13;28;LEXG;"NON À L'UE ET À L'OTAN, COMMUNISTES POUR LA PAIX ET LE PROGRÈS SOCIAL";"NON À L'UE ET À L'OTAN, COMMUNISTES POUR LA PAIX ET LE PROGRÈS SOCIAL";38;"0,01%";"0,02%";0;29;LDVD;AR;"ALLIANCE RURALE";1793;"0,26%";"1,05%";0;30;LDIV;"FRANCE LIBRE";"FRANCE LIBRE";178;"0,03%";"0,10%";0;31;LDVG;"EUROPE TERRITOIRES ÉCOLOGIE";"EUROPE TERRITOIRES ÉCOLOGIE";808;"0,12%";"0,47%";0;32;LDIV;"LA RUCHE CITOYENNE";"LA RUCHE CITOYENNE";36;"0,01%";"0,02%";0;33;LCOM;"GAUCHE UNIE";"GAUCHE UNIE POUR LE MONDE DU TRAVAIL SOUTENUE PAR FABIEN ROUSSEL";3799;"0,54%";"2,22%";0;34;LDIV;"DEFENDRE LES ENFANTS";"DEFENDRE LES ENFANTS";27;"0,00%";"0,02%";0;35;LECO;EAC;"ÉCOLOGIE AU CENTRE";3086;"0,44%";"1,80%";0;36;LDIV;"DEMOCRATIE REPRESENTATIVE";"DEMOCRATIE REPRESENTATIVE";20;"0,00%";"0,01%";0;37;LDIV;ESPERANTO;"ESPERANTO LANGUE COMMUNE";248;"0,04%";"0,14%";0;38;LDIV;"LIBERTÉ DÉMOCRATIQUE FRANÇAISE";"LIBERTÉ DÉMOCRATIQUE FRANÇAISE";6;"0,00%";"0,00%";0
"06";Mayotte;98087;19575;"19,96%";78512;"80,04%";18171;"18,53%";"92,83%";747;"0,76%";"3,82%";657;"0,67%";"3,36%";1;LDIV;"HUMANITE SOUVERAINE";"POUR UNE HUMANITE SOUVERAINE";12;"0,01%";"0,07%";0;2;LDIV;"POUR UNE DEMOCRATIE REELLE : DECIDONS NOUS-MEMES !";"POUR UNE DEMOCRATIE REELLE : DECIDONS NOUS-MEMES !";2;"0,00%";"0,01%";0;3;LREC;"LA FRANCE FIERE, MENEE PAR MARION MARECHAL ET SOUTENUE PAR ÉRIC ZEMMOUR";"LA FRANCE FIERE, MENEE PAR MARION MARECHAL ET SOUTENUE PAR ÉRIC ZEMMOUR";898;"0,92%";"4,94%";5;4;LFI;"LFI - UP";"LA FRANCE INSOUMISE - UNION POPULAIRE";1845;"1,88%";"10,15%";9;5;LRN;"La FRANCE REVIENT";"LA FRANCE REVIENT ! AVEC JORDAN BARDELLA ET MARINE LE PEN";9525;"9,71%";"52,42%";30;6;LVEC;"EUROPE ÉCOLOGIE";"EUROPE ÉCOLOGIE";395;"0,40%";"2,17%";5;7;LDIV;"FREE PALESTINE";"FREE PALESTINE";8;"0,01%";"0,04%";0;8;LDIV;"PARTI ANIMALISTE";"PARTI ANIMALISTE - LES ANIMAUX COMPTENT, VOTRE VOIX AUSSI";6;"0,01%";"0,03%";0;9;LEXG;"PARTI REVOLUTIONNAIRE COMMUNISTES";"PARTI REVOLUTIONNAIRE COMMUNISTES";0;"0,00%";"0,00%";0;10;LDIV;"PARTI PIRATE";"PARTI PIRATE";12;"0,01%";"0,07%";0;11;LENS;"BESOIN D'EUROPE";"BESOIN D'EUROPE";1169;"1,19%";"6,43%";13;12;LDIV;PACE;"PACE - PARTI DES CITOYENS EUROPÉENS, POUR L'ARMÉE EUROPÉENNE, POUR L'EUROPE SOCIALE , POUR LA PLANÈTE !";1;"0,00%";"0,01%";0;13;LECO;ÉQUINOXE;"ÉQUINOXE : ÉCOLOGIE PRATIQUE ET RENOUVEAU DÉMOCRATIQUE";1;"0,00%";"0,01%";0;14;LECO;"ECOLOGIE POSITIVE";"ECOLOGIE POSITIVE ET TERRITOIRES";3;"0,00%";"0,02%";0;15;LDIV;"LISTE ASSELINEAU-FREXIT";"LISTE ASSELINEAU-FREXIT, POUR LE POUVOIR D'ACHAT ET POUR LA PAIX";228;"0,23%";"1,25%";0;16;LEXG;"PAIX ET DECROISSANCE";"PAIX ET DECROISSANCE";4;"0,00%";"0,02%";0;17;LDIV;"POUR UNE AUTRE EUROPE";"POUR UNE AUTRE EUROPE";6;"0,01%";"0,03%";0;18;LLR;"LA DROITE POUR FAIRE ENTENDRE LA VOIX DE LA FRANCE EN EUROPE";"LA DROITE POUR FAIRE ENTENDRE LA VOIX DE LA FRANCE EN EUROPE";2416;"2,46%";"13,30%";6;19;LEXG;"LUTTE OUVRIERE";"LUTTE OUVRIERE - LE CAMP DES TRAVAILLEURS";146;"0,15%";"0,80%";0;20;LDVG;"CHANGER L'EUROPE";"CHANGER L'EUROPE";2;"0,00%";"0,01%";0;21;LDIV;NLP;"NOUS LE PEUPLE";4;"0,00%";"0,02%";0;22;LEXG;"URGENCE REVOLUTION !";"POUR UN MONDE SANS FRONTIERES NI PATRONS, URGENCE REVOLUTION !";0;"0,00%";"0,00%";0;23;LEXG;PPL;"""POUR LE PAIN, LA PAIX, LA LIBERTÉ !"" PRÉSENTÉE PAR LE PARTI DES TRAVAILLEURS";0;"0,00%";"0,00%";0;24;LEXD;"L'EUROPE CA SUFFIT !";"L'EUROPE CA SUFFIT !";274;"0,28%";"1,51%";0;25;LDIV;"PRENONS-NOUS EN MAIN";"NON ! PRENONS-NOUS EN MAINS";6;"0,01%";"0,03%";0;26;LEXD;"FORTERESSE EUROPE";"FORTERESSE EUROPE - LISTE D'UNITE NATIONALISTE";0;"0,00%";"0,00%";0;27;LUG;"REVEIL EUR";"RÉVEILLER L'EUROPE";460;"0,47%";"2,53%";13;28;LEXG;"NON À L'UE ET À L'OTAN, COMMUNISTES POUR LA PAIX ET LE PROGRÈS SOCIAL";"NON À L'UE ET À L'OTAN, COMMUNISTES POUR LA PAIX ET LE PROGRÈS SOCIAL";4;"0,00%";"0,02%";0;29;LDVD;AR;"ALLIANCE RURALE";218;"0,22%";"1,20%";0;30;LDIV;"FRANCE LIBRE";"FRANCE LIBRE";4;"0,00%";"0,02%";0;31;LDVG;"EUROPE TERRITOIRES ÉCOLOGIE";"EUROPE TERRITOIRES ÉCOLOGIE";5;"0,01%";"0,03%";0;32;LDIV;"LA RUCHE CITOYENNE";"LA RUCHE CITOYENNE";1;"0,00%";"0,01%";0;33;LCOM;"GAUCHE UNIE";"GAUCHE UNIE POUR LE MONDE DU TRAVAIL SOUTENUE PAR FABIEN ROUSSEL";179;"0,18%";"0,99%";0;34;LDIV;"DEFENDRE LES ENFANTS";"DEFENDRE LES ENFANTS";4;"0,00%";"0,02%";0;35;LECO;EAC;"ÉCOLOGIE AU CENTRE";324;"0,33%";"1,78%";0;36;LDIV;"DEMOCRATIE REPRESENTATIVE";"DEMOCRATIE REPRESENTATIVE";8;"0,01%";"0,04%";0;37;LDIV;ESPERANTO;"ESPERANTO LANGUE COMMUNE";0;"0,00%";"0,00%";0;38;LDIV;"LIBERTÉ DÉMOCRATIQUE FRANÇAISE";"LIBERTÉ DÉMOCRATIQUE FRANÇAISE";1;"0,00%";"0,01%";0
"11";"Île-de-France";7511355;3983305;"53,03%";3528050;"46,97%";3913889;"52,11%";"98,26%";38124;"0,51%";"0,96%";31292;"0,42%";"0,79%";1;LDIV;"HUMANITE SOUVERAINE";"POUR UNE HUMANITE SOUVERAINE";282;"0,00%";"0,01%";0;2;LDIV;"POUR UNE DEMOCRATIE REELLE : DECIDONS NOUS-MEMES !";"POUR UNE DEMOCRATIE REELLE : DECIDONS NOUS-MEMES !";300;"0,00%";"0,01%";0;3;LREC;"LA FRANCE FIERE, MENEE PAR MARION MARECHAL ET SOUTENUE PAR ÉRIC ZEMMOUR";"LA FRANCE FIERE, MENEE PAR MARION MARECHAL ET SOUTENUE PAR ÉRIC ZEMMOUR";222736;"2,97%";"5,69%";5;4;LFI;"LFI - UP";"LA FRANCE INSOUMISE - UNION POPULAIRE";726713;"9,67%";"18,57%";9;5;LRN;"La FRANCE REVIENT";"LA FRANCE REVIENT ! AVEC JORDAN BARDELLA ET MARINE LE PEN";735376;"9,79%";"18,79%";30;6;LVEC;"EUROPE ÉCOLOGIE";"EUROPE ÉCOLOGIE";272988;"3,63%";"6,97%";5;7;LDIV;"FREE PALESTINE";"FREE PALESTINE";5286;"0,07%";"0,14%";0;8;LDIV;"PARTI ANIMALISTE";"PARTI ANIMALISTE - LES ANIMAUX COMPTENT, VOTRE VOIX AUSSI";71530;"0,95%";"1,83%";0;9;LEXG;"PARTI REVOLUTIONNAIRE COMMUNISTES";"PARTI REVOLUTIONNAIRE COMMUNISTES";348;"0,00%";"0,01%";0;10;LDIV;"PARTI PIRATE";"PARTI PIRATE";7038;"0,09%";"0,18%";0;11;LENS;"BESOIN D'EUROPE";"BESOIN D'EUROPE";606343;"8,07%";"15,49%";13;12;LDIV;PACE;"PACE - PARTI DES CITOYENS EUROPÉENS, POUR L'ARMÉE EUROPÉENNE, POUR L'EUROPE SOCIALE , POUR LA PLANÈTE !";1748;"0,02%";"0,04%";0;13;LECO;ÉQUINOXE;"ÉQUINOXE : ÉCOLOGIE PRATIQUE ET RENOUVEAU DÉMOCRATIQUE";13333;"0,18%";"0,34%";0;14;LECO;"ECOLOGIE POSITIVE";"ECOLOGIE POSITIVE ET TERRITOIRES";17704;"0,24%";"0,45%";0;15;LDIV;"LISTE ASSELINEAU-FREXIT";"LISTE ASSELINEAU-FREXIT, POUR LE POUVOIR D'ACHAT ET POUR LA PAIX";40638;"0,54%";"1,04%";0;16;LEXG;"PAIX ET DECROISSANCE";"PAIX ET DECROISSANCE";519;"0,01%";"0,01%";0;17;LDIV;"POUR UNE AUTRE EUROPE";"POUR UNE AUTRE EUROPE";1102;"0,01%";"0,03%";0;18;LLR;"LA DROITE POUR FAIRE ENTENDRE LA VOIX DE LA FRANCE EN EUROPE";"LA DROITE POUR FAIRE ENTENDRE LA VOIX DE LA FRANCE EN EUROPE";346133;"4,61%";"8,84%";6;19;LEXG;"LUTTE OUVRIERE";"LUTTE OUVRIERE - LE CAMP DES TRAVAILLEURS";14177;"0,19%";"0,36%";0;20;LDVG;"CHANGER L'EUROPE";"CHANGER L'EUROPE";3259;"0,04%";"0,08%";0;21;LDIV;NLP;"NOUS LE PEUPLE";3167;"0,04%";"0,08%";0;22;LEXG;"URGENCE REVOLUTION !";"POUR UN MONDE SANS FRONTIERES NI PATRONS, URGENCE REVOLUTION !";6431;"0,09%";"0,16%";0;23;LEXG;PPL;"""POUR LE PAIN, LA PAIX, LA LIBERTÉ !"" PRÉSENTÉE PAR LE PARTI DES TRAVAILLEURS";1229;"0,02%";"0,03%";0;24;LEXD;"L'EUROPE CA SUFFIT !";"L'EUROPE CA SUFFIT !";30812;"0,41%";"0,79%";0;25;LDIV;"PRENONS-NOUS EN MAIN";"NON ! PRENONS-NOUS EN MAINS";322;"0,00%";"0,01%";0;26;LEXD;"FORTERESSE EUROPE";"FORTERESSE EUROPE - LISTE D'UNITE NATIONALISTE";1482;"0,02%";"0,04%";0;27;LUG;"REVEIL EUR";"RÉVEILLER L'EUROPE";617492;"8,22%";"15,78%";13;28;LEXG;"NON À L'UE ET À L'OTAN, COMMUNISTES POUR LA PAIX ET LE PROGRÈS SOCIAL";"NON À L'UE ET À L'OTAN, COMMUNISTES POUR LA PAIX ET LE PROGRÈS SOCIAL";604;"0,01%";"0,02%";0;29;LDVD;AR;"ALLIANCE RURALE";30101;"0,40%";"0,77%";0;30;LDIV;"FRANCE LIBRE";"FRANCE LIBRE";821;"0,01%";"0,02%";0;31;LDVG;"EUROPE TERRITOIRES ÉCOLOGIE";"EUROPE TERRITOIRES ÉCOLOGIE";8942;"0,12%";"0,23%";0;32;LDIV;"LA RUCHE CITOYENNE";"LA RUCHE CITOYENNE";804;"0,01%";"0,02%";0;33;LCOM;"GAUCHE UNIE";"GAUCHE UNIE POUR LE MONDE DU TRAVAIL SOUTENUE PAR FABIEN ROUSSEL";77009;"1,03%";"1,97%";0;34;LDIV;"DEFENDRE LES ENFANTS";"DEFENDRE LES ENFANTS";1127;"0,02%";"0,03%";0;35;LECO;EAC;"ÉCOLOGIE AU CENTRE";44108;"0,59%";"1,13%";0;36;LDIV;"DEMOCRATIE REPRESENTATIVE";"DEMOCRATIE REPRESENTATIVE";305;"0,00%";"0,01%";0;37;LDIV;ESPERANTO;"ESPERANTO LANGUE COMMUNE";1387;"0,02%";"0,04%";0;38;LDIV;"LIBERTÉ DÉMOCRATIQUE FRANÇAISE";"LIBERTÉ DÉMOCRATIQUE FRANÇAISE";193;"0,00%";"0,00%";0
"24";"Centre-Val de Loire";1847939;978080;"52,93%";869859;"47,07%";945028;"51,14%";"96,62%";15842;"0,86%";"1,62%";17210;"0,93%";"1,76%";1;LDIV;"HUMANITE SOUVERAINE";"POUR UNE HUMANITE SOUVERAINE";48;"0,00%";"0,01%";0;2;LDIV;"POUR UNE DEMOCRATIE REELLE : DECIDONS NOUS-MEMES !";"POUR UNE DEMOCRATIE REELLE : DECIDONS NOUS-MEMES !";48;"0,00%";"0,01%";0;3;LREC;"LA FRANCE FIERE, MENEE PAR MARION MARECHAL ET SOUTENUE PAR ÉRIC ZEMMOUR";"LA FRANCE FIERE, MENEE PAR MARION MARECHAL ET SOUTENUE PAR ÉRIC ZEMMOUR";51336;"2,78%";"5,43%";5;4;LFI;"LFI - UP";"LA FRANCE INSOUMISE - UNION POPULAIRE";70142;"3,80%";"7,42%";9;5;LRN;"La FRANCE REVIENT";"LA FRANCE REVIENT ! AVEC JORDAN BARDELLA ET MARINE LE PEN";330184;"17,87%";"34,94%";30;6;LVEC;"EUROPE ÉCOLOGIE";"EUROPE ÉCOLOGIE";41919;"2,27%";"4,44%";5;7;LDIV;"FREE PALESTINE";"FREE PALESTINE";242;"0,01%";"0,03%";0;8;LDIV;"PARTI ANIMALISTE";"PARTI ANIMALISTE - LES ANIMAUX COMPTENT, VOTRE VOIX AUSSI";21310;"1,15%";"2,25%";0;9;LEXG;"PARTI REVOLUTIONNAIRE COMMUNISTES";"PARTI REVOLUTIONNAIRE COMMUNISTES";64;"0,00%";"0,01%";0;10;LDIV;"PARTI PIRATE";"PARTI PIRATE";606;"0,03%";"0,06%";0;11;LENS;"BESOIN D'EUROPE";"BESOIN D'EUROPE";142723;"7,72%";"15,10%";13;12;LDIV;PACE;"PACE - PARTI DES CITOYENS EUROPÉENS, POUR L'ARMÉE EUROPÉENNE, POUR L'EUROPE SOCIALE , POUR LA PLANÈTE !";135;"0,01%";"0,01%";0;13;LECO;ÉQUINOXE;"ÉQUINOXE : ÉCOLOGIE PRATIQUE ET RENOUVEAU DÉMOCRATIQUE";2625;"0,14%";"0,28%";0;14;LECO;"ECOLOGIE POSITIVE";"ECOLOGIE POSITIVE ET TERRITOIRES";3852;"0,21%";"0,41%";0;15;LDIV;"LISTE ASSELINEAU-FREXIT";"LISTE ASSELINEAU-FREXIT, POUR LE POUVOIR D'ACHAT ET POUR LA PAIX";8763;"0,47%";"0,93%";0;16;LEXG;"PAIX ET DECROISSANCE";"PAIX ET DECROISSANCE";128;"0,01%";"0,01%";0;17;LDIV;"POUR UNE AUTRE EUROPE";"POUR UNE AUTRE EUROPE";95;"0,01%";"0,01%";0;18;LLR;"LA DROITE POUR FAIRE ENTENDRE LA VOIX DE LA FRANCE EN EUROPE";"LA DROITE POUR FAIRE ENTENDRE LA VOIX DE LA FRANCE EN EUROPE";70718;"3,83%";"7,48%";6;19;LEXG;"LUTTE OUVRIERE";"LUTTE OUVRIERE - LE CAMP DES TRAVAILLEURS";5643;"0,31%";"0,60%";0;20;LDVG;"CHANGER L'EUROPE";"CHANGER L'EUROPE";107;"0,01%";"0,01%";0;21;LDIV;NLP;"NOUS LE PEUPLE";426;"0,02%";"0,05%";0;22;LEXG;"URGENCE REVOLUTION !";"POUR UN MONDE SANS FRONTIERES NI PATRONS, URGENCE REVOLUTION !";1240;"0,07%";"0,13%";0;23;LEXG;PPL;"""POUR LE PAIN, LA PAIX, LA LIBERTÉ !"" PRÉSENTÉE PAR LE PARTI DES TRAVAILLEURS";374;"0,02%";"0,04%";0;24;LEXD;"L'EUROPE CA SUFFIT !";"L'EUROPE CA SUFFIT !";8756;"0,47%";"0,93%";0;25;LDIV;"PRENONS-NOUS EN MAIN";"NON ! PRENONS-NOUS EN MAINS";51;"0,00%";"0,01%";0;26;LEXD;"FORTERESSE EUROPE";"FORTERESSE EUROPE - LISTE D'UNITE NATIONALISTE";98;"0,01%";"0,01%";0;27;LUG;"REVEIL EUR";"RÉVEILLER L'EUROPE";118598;"6,42%";"12,55%";13;28;LEXG;"NON À L'UE ET À L'OTAN, COMMUNISTES POUR LA PAIX ET LE PROGRÈS SOCIAL";"NON À L'UE ET À L'OTAN, COMMUNISTES POUR LA PAIX ET LE PROGRÈS SOCIAL";49;"0,00%";"0,01%";0;29;LDVD;AR;"ALLIANCE RURALE";24523;"1,33%";"2,59%";0;30;LDIV;"FRANCE LIBRE";"FRANCE LIBRE";145;"0,01%";"0,02%";0;31;LDVG;"EUROPE TERRITOIRES ÉCOLOGIE";"EUROPE TERRITOIRES ÉCOLOGIE";2247;"0,12%";"0,24%";0;32;LDIV;"LA RUCHE CITOYENNE";"LA RUCHE CITOYENNE";93;"0,01%";"0,01%";0;33;LCOM;"GAUCHE UNIE";"GAUCHE UNIE POUR LE MONDE DU TRAVAIL SOUTENUE PAR FABIEN ROUSSEL";24107;"1,30%";"2,55%";0;34;LDIV;"DEFENDRE LES ENFANTS";"DEFENDRE LES ENFANTS";137;"0,01%";"0,01%";0;35;LECO;EAC;"ÉCOLOGIE AU CENTRE";12585;"0,68%";"1,33%";0;36;LDIV;"DEMOCRATIE REPRESENTATIVE";"DEMOCRATIE REPRESENTATIVE";10;"0,00%";"0,00%";0;37;LDIV;ESPERANTO;"ESPERANTO LANGUE COMMUNE";838;"0,05%";"0,09%";0;38;LDIV;"LIBERTÉ DÉMOCRATIQUE FRANÇAISE";"LIBERTÉ DÉMOCRATIQUE FRANÇAISE";63;"0,00%";"0,01%";0
"27";"Bourgogne-Franche-Comté";1997439;1115567;"55,85%";881872;"44,15%";1078582;"54,00%";"96,68%";17594;"0,88%";"1,58%";19391;"0,97%";"1,74%";1;LDIV;"HUMANITE SOUVERAINE";"POUR UNE HUMANITE SOUVERAINE";30;"0,00%";"0,00%";0;2;LDIV;"POUR UNE DEMOCRATIE REELLE : DECIDONS NOUS-MEMES !";"POUR UNE DEMOCRATIE REELLE : DECIDONS NOUS-MEMES !";64;"0,00%";"0,01%";0;3;LREC;"LA FRANCE FIERE, MENEE PAR MARION MARECHAL ET SOUTENUE PAR ÉRIC ZEMMOUR";"LA FRANCE FIERE, MENEE PAR MARION MARECHAL ET SOUTENUE PAR ÉRIC ZEMMOUR";57147;"2,86%";"5,30%";5;4;LFI;"LFI - UP";"LA FRANCE INSOUMISE - UNION POPULAIRE";75576;"3,78%";"7,01%";9;5;LRN;"La FRANCE REVIENT";"LA FRANCE REVIENT ! AVEC JORDAN BARDELLA ET MARINE LE PEN";400043;"20,03%";"37,09%";30;6;LVEC;"EUROPE ÉCOLOGIE";"EUROPE ÉCOLOGIE";47833;"2,39%";"4,43%";5;7;LDIV;"FREE PALESTINE";"FREE PALESTINE";460;"0,02%";"0,04%";0;8;LDIV;"PARTI ANIMALISTE";"PARTI ANIMALISTE - LES ANIMAUX COMPTENT, VOTRE VOIX AUSSI";23943;"1,20%";"2,22%";0;9;LEXG;"PARTI REVOLUTIONNAIRE COMMUNISTES";"PARTI REVOLUTIONNAIRE COMMUNISTES";44;"0,00%";"0,00%";0;10;LDIV;"PARTI PIRATE";"PARTI PIRATE";1555;"0,08%";"0,14%";0;11;LENS;"BESOIN D'EUROPE";"BESOIN D'EUROPE";148516;"7,44%";"13,77%";13;12;LDIV;PACE;"PACE - PARTI DES CITOYENS EUROPÉENS, POUR L'ARMÉE EUROPÉENNE, POUR L'EUROPE SOCIALE , POUR LA PLANÈTE !";238;"0,01%";"0,02%";0;13;LECO;ÉQUINOXE;"ÉQUINOXE : ÉCOLOGIE PRATIQUE ET RENOUVEAU DÉMOCRATIQUE";2885;"0,14%";"0,27%";0;14;LECO;"ECOLOGIE POSITIVE";"ECOLOGIE POSITIVE ET TERRITOIRES";4109;"0,21%";"0,38%";0;15;LDIV;"LISTE ASSELINEAU-FREXIT";"LISTE ASSELINEAU-FREXIT, POUR LE POUVOIR D'ACHAT ET POUR LA PAIX";11042;"0,55%";"1,02%";0;16;LEXG;"PAIX ET DECROISSANCE";"PAIX ET DECROISSANCE";208;"0,01%";"0,02%";0;17;LDIV;"POUR UNE AUTRE EUROPE";"POUR UNE AUTRE EUROPE";118;"0,01%";"0,01%";0;18;LLR;"LA DROITE POUR FAIRE ENTENDRE LA VOIX DE LA FRANCE EN EUROPE";"LA DROITE POUR FAIRE ENTENDRE LA VOIX DE LA FRANCE EN EUROPE";80886;"4,05%";"7,50%";6;19;LEXG;"LUTTE OUVRIERE";"LUTTE OUVRIERE - LE CAMP DES TRAVAILLEURS";6375;"0,32%";"0,59%";0;20;LDVG;"CHANGER L'EUROPE";"CHANGER L'EUROPE";282;"0,01%";"0,03%";0;21;LDIV;NLP;"NOUS LE PEUPLE";483;"0,02%";"0,04%";0;22;LEXG;"URGENCE REVOLUTION !";"POUR UN MONDE SANS FRONTIERES NI PATRONS, URGENCE REVOLUTION !";1562;"0,08%";"0,14%";0;23;LEXG;PPL;"""POUR LE PAIN, LA PAIX, LA LIBERTÉ !"" PRÉSENTÉE PAR LE PARTI DES TRAVAILLEURS";248;"0,01%";"0,02%";0;24;LEXD;"L'EUROPE CA SUFFIT !";"L'EUROPE CA SUFFIT !";10676;"0,53%";"0,99%";0;25;LDIV;"PRENONS-NOUS EN MAIN";"NON ! PRENONS-NOUS EN MAINS";147;"0,01%";"0,01%";0;26;LEXD;"FORTERESSE EUROPE";"FORTERESSE EUROPE - LISTE D'UNITE NATIONALISTE";238;"0,01%";"0,02%";0;27;LUG;"REVEIL EUR";"RÉVEILLER L'EUROPE";131629;"6,59%";"12,20%";13;28;LEXG;"NON À L'UE ET À L'OTAN, COMMUNISTES POUR LA PAIX ET LE PROGRÈS SOCIAL";"NON À L'UE ET À L'OTAN, COMMUNISTES POUR LA PAIX ET LE PROGRÈS SOCIAL";115;"0,01%";"0,01%";0;29;LDVD;AR;"ALLIANCE RURALE";31024;"1,55%";"2,88%";0;30;LDIV;"FRANCE LIBRE";"FRANCE LIBRE";193;"0,01%";"0,02%";0;31;LDVG;"EUROPE TERRITOIRES ÉCOLOGIE";"EUROPE TERRITOIRES ÉCOLOGIE";2656;"0,13%";"0,25%";0;32;LDIV;"LA RUCHE CITOYENNE";"LA RUCHE CITOYENNE";100;"0,01%";"0,01%";0;33;LCOM;"GAUCHE UNIE";"GAUCHE UNIE POUR LE MONDE DU TRAVAIL SOUTENUE PAR FABIEN ROUSSEL";24285;"1,22%";"2,25%";0;34;LDIV;"DEFENDRE LES ENFANTS";"DEFENDRE LES ENFANTS";187;"0,01%";"0,02%";0;35;LECO;EAC;"ÉCOLOGIE AU CENTRE";13201;"0,66%";"1,22%";0;36;LDIV;"DEMOCRATIE REPRESENTATIVE";"DEMOCRATIE REPRESENTATIVE";25;"0,00%";"0,00%";0;37;LDIV;ESPERANTO;"ESPERANTO LANGUE COMMUNE";421;"0,02%";"0,04%";0;38;LDIV;"LIBERTÉ DÉMOCRATIQUE FRANÇAISE";"LIBERTÉ DÉMOCRATIQUE FRANÇAISE";38;"0,00%";"0,00%";0
"28";Normandie;2420256;1294693;"53,49%";1125563;"46,51%";1255689;"51,88%";"96,99%";20612;"0,85%";"1,59%";18392;"0,76%";"1,42%";1;LDIV;"HUMANITE SOUVERAINE";"POUR UNE HUMANITE SOUVERAINE";80;"0,00%";"0,01%";0;2;LDIV;"POUR UNE DEMOCRATIE REELLE : DECIDONS NOUS-MEMES !";"POUR UNE DEMOCRATIE REELLE : DECIDONS NOUS-MEMES !";69;"0,00%";"0,01%";0;3;LREC;"LA FRANCE FIERE, MENEE PAR MARION MARECHAL ET SOUTENUE PAR ÉRIC ZEMMOUR";"LA FRANCE FIERE, MENEE PAR MARION MARECHAL ET SOUTENUE PAR ÉRIC ZEMMOUR";58302;"2,41%";"4,64%";5;4;LFI;"LFI - UP";"LA FRANCE INSOUMISE - UNION POPULAIRE";86738;"3,58%";"6,91%";9;5;LRN;"La FRANCE REVIENT";"LA FRANCE REVIENT ! AVEC JORDAN BARDELLA ET MARINE LE PEN";443721;"18,33%";"35,34%";30;6;LVEC;"EUROPE ÉCOLOGIE";"EUROPE ÉCOLOGIE";55687;"2,30%";"4,43%";5;7;LDIV;"FREE PALESTINE";"FREE PALESTINE";328;"0,01%";"0,03%";0;8;LDIV;"PARTI ANIMALISTE";"PARTI ANIMALISTE - LES ANIMAUX COMPTENT, VOTRE VOIX AUSSI";29315;"1,21%";"2,33%";0;9;LEXG;"PARTI REVOLUTIONNAIRE COMMUNISTES";"PARTI REVOLUTIONNAIRE COMMUNISTES";168;"0,01%";"0,01%";0;10;LDIV;"PARTI PIRATE";"PARTI PIRATE";825;"0,03%";"0,07%";0;11;LENS;"BESOIN D'EUROPE";"BESOIN D'EUROPE";196993;"8,14%";"15,69%";13;12;LDIV;PACE;"PACE - PARTI DES CITOYENS EUROPÉENS, POUR L'ARMÉE EUROPÉENNE, POUR L'EUROPE SOCIALE , POUR LA PLANÈTE !";419;"0,02%";"0,03%";0;13;LECO;ÉQUINOXE;"ÉQUINOXE : ÉCOLOGIE PRATIQUE ET RENOUVEAU DÉMOCRATIQUE";2993;"0,12%";"0,24%";0;14;LECO;"ECOLOGIE POSITIVE";"ECOLOGIE POSITIVE ET TERRITOIRES";5142;"0,21%";"0,41%";0;15;LDIV;"LISTE ASSELINEAU-FREXIT";"LISTE ASSELINEAU-FREXIT, POUR LE POUVOIR D'ACHAT ET POUR LA PAIX";10842;"0,45%";"0,86%";0;16;LEXG;"PAIX ET DECROISSANCE";"PAIX ET DECROISSANCE";133;"0,01%";"0,01%";0;17;LDIV;"POUR UNE AUTRE EUROPE";"POUR UNE AUTRE EUROPE";148;"0,01%";"0,01%";0;18;LLR;"LA DROITE POUR FAIRE ENTENDRE LA VOIX DE LA FRANCE EN EUROPE";"LA DROITE POUR FAIRE ENTENDRE LA VOIX DE LA FRANCE EN EUROPE";86679;"3,58%";"6,90%";6;19;LEXG;"LUTTE OUVRIERE";"LUTTE OUVRIERE - LE CAMP DES TRAVAILLEURS";7138;"0,29%";"0,57%";0;20;LDVG;"CHANGER L'EUROPE";"CHANGER L'EUROPE";458;"0,02%";"0,04%";0;21;LDIV;NLP;"NOUS LE PEUPLE";842;"0,03%";"0,07%";0;22;LEXG;"URGENCE REVOLUTION !";"POUR UN MONDE SANS FRONTIERES NI PATRONS, URGENCE REVOLUTION !";1924;"0,08%";"0,15%";0;23;LEXG;PPL;"""POUR LE PAIN, LA PAIX, LA LIBERTÉ !"" PRÉSENTÉE PAR LE PARTI DES TRAVAILLEURS";157;"0,01%";"0,01%";0;24;LEXD;"L'EUROPE CA SUFFIT !";"L'EUROPE CA SUFFIT !";10525;"0,43%";"0,84%";0;25;LDIV;"PRENONS-NOUS EN MAIN";"NON ! PRENONS-NOUS EN MAINS";52;"0,00%";"0,00%";0;26;LEXD;"FORTERESSE EUROPE";"FORTERESSE EUROPE - LISTE D'UNITE NATIONALISTE";150;"0,01%";"0,01%";0;27;LUG;"REVEIL EUR";"RÉVEILLER L'EUROPE";167106;"6,90%";"13,31%";13;28;LEXG;"NON À L'UE ET À L'OTAN, COMMUNISTES POUR LA PAIX ET LE PROGRÈS SOCIAL";"NON À L'UE ET À L'OTAN, COMMUNISTES POUR LA PAIX ET LE PROGRÈS SOCIAL";106;"0,00%";"0,01%";0;29;LDVD;AR;"ALLIANCE RURALE";33945;"1,40%";"2,70%";0;30;LDIV;"FRANCE LIBRE";"FRANCE LIBRE";208;"0,01%";"0,02%";0;31;LDVG;"EUROPE TERRITOIRES ÉCOLOGIE";"EUROPE TERRITOIRES ÉCOLOGIE";2771;"0,11%";"0,22%";0;32;LDIV;"LA RUCHE CITOYENNE";"LA RUCHE CITOYENNE";199;"0,01%";"0,02%";0;33;LCOM;"GAUCHE UNIE";"GAUCHE UNIE POUR LE MONDE DU TRAVAIL SOUTENUE PAR FABIEN ROUSSEL";35445;"1,46%";"2,82%";0;34;LDIV;"DEFENDRE LES ENFANTS";"DEFENDRE LES ENFANTS";396;"0,02%";"0,03%";0;35;LECO;EAC;"ÉCOLOGIE AU CENTRE";15161;"0,63%";"1,21%";0;36;LDIV;"DEMOCRATIE REPRESENTATIVE";"DEMOCRATIE REPRESENTATIVE";50;"0,00%";"0,00%";0;37;LDIV;ESPERANTO;"ESPERANTO LANGUE COMMUNE";430;"0,02%";"0,03%";0;38;LDIV;"LIBERTÉ DÉMOCRATIQUE FRANÇAISE";"LIBERTÉ DÉMOCRATIQUE FRANÇAISE";44;"0,00%";"0,00%";0
"32";"Hauts-de-France";4281428;2181828;"50,96%";2099600;"49,04%";2117501;"49,46%";"97,05%";31436;"0,73%";"1,44%";32891;"0,77%";"1,51%";1;LDIV;"HUMANITE SOUVERAINE";"POUR UNE HUMANITE SOUVERAINE";34;"0,00%";"0,00%";0;2;LDIV;"POUR UNE DEMOCRATIE REELLE : DECIDONS NOUS-MEMES !";"POUR UNE DEMOCRATIE REELLE : DECIDONS NOUS-MEMES !";89;"0,00%";"0,00%";0;3;LREC;"LA FRANCE FIERE, MENEE PAR MARION MARECHAL ET SOUTENUE PAR ÉRIC ZEMMOUR";"LA FRANCE FIERE, MENEE PAR MARION MARECHAL ET SOUTENUE PAR ÉRIC ZEMMOUR";97385;"2,27%";"4,60%";5;4;LFI;"LFI - UP";"LA FRANCE INSOUMISE - UNION POPULAIRE";178727;"4,17%";"8,44%";9;5;LRN;"La FRANCE REVIENT";"LA FRANCE REVIENT ! AVEC JORDAN BARDELLA ET MARINE LE PEN";897961;"20,97%";"42,41%";30;6;LVEC;"EUROPE ÉCOLOGIE";"EUROPE ÉCOLOGIE";75690;"1,77%";"3,57%";5;7;LDIV;"FREE PALESTINE";"FREE PALESTINE";729;"0,02%";"0,03%";0;8;LDIV;"PARTI ANIMALISTE";"PARTI ANIMALISTE - LES ANIMAUX COMPTENT, VOTRE VOIX AUSSI";55848;"1,30%";"2,64%";0;9;LEXG;"PARTI REVOLUTIONNAIRE COMMUNISTES";"PARTI REVOLUTIONNAIRE COMMUNISTES";134;"0,00%";"0,01%";0;10;LDIV;"PARTI PIRATE";"PARTI PIRATE";1488;"0,03%";"0,07%";0;11;LENS;"BESOIN D'EUROPE";"BESOIN D'EUROPE";273286;"6,38%";"12,91%";13;12;LDIV;PACE;"PACE - PARTI DES CITOYENS EUROPÉENS, POUR L'ARMÉE EUROPÉENNE, POUR L'EUROPE SOCIALE , POUR LA PLANÈTE !";1188;"0,03%";"0,06%";0;13;LECO;ÉQUINOXE;"ÉQUINOXE : ÉCOLOGIE PRATIQUE ET RENOUVEAU DÉMOCRATIQUE";4512;"0,11%";"0,21%";0;14;LECO;"ECOLOGIE POSITIVE";"ECOLOGIE POSITIVE ET TERRITOIRES";8867;"0,21%";"0,42%";0;15;LDIV;"LISTE ASSELINEAU-FREXIT";"LISTE ASSELINEAU-FREXIT, POUR LE POUVOIR D'ACHAT ET POUR LA PAIX";16142;"0,38%";"0,76%";0;16;LEXG;"PAIX ET DECROISSANCE";"PAIX ET DECROISSANCE";183;"0,00%";"0,01%";0;17;LDIV;"POUR UNE AUTRE EUROPE";"POUR UNE AUTRE EUROPE";322;"0,01%";"0,02%";0;18;LLR;"LA DROITE POUR FAIRE ENTENDRE LA VOIX DE LA FRANCE EN EUROPE";"LA DROITE POUR FAIRE ENTENDRE LA VOIX DE LA FRANCE EN EUROPE";128978;"3,01%";"6,09%";6;19;LEXG;"LUTTE OUVRIERE";"LUTTE OUVRIERE - LE CAMP DES TRAVAILLEURS";14346;"0,34%";"0,68%";0;20;LDVG;"CHANGER L'EUROPE";"CHANGER L'EUROPE";848;"0,02%";"0,04%";0;21;LDIV;NLP;"NOUS LE PEUPLE";1357;"0,03%";"0,06%";0;22;LEXG;"URGENCE REVOLUTION !";"POUR UN MONDE SANS FRONTIERES NI PATRONS, URGENCE REVOLUTION !";2500;"0,06%";"0,12%";0;23;LEXG;PPL;"""POUR LE PAIN, LA PAIX, LA LIBERTÉ !"" PRÉSENTÉE PAR LE PARTI DES TRAVAILLEURS";203;"0,00%";"0,01%";0;24;LEXD;"L'EUROPE CA SUFFIT !";"L'EUROPE CA SUFFIT !";16989;"0,40%";"0,80%";0;25;LDIV;"PRENONS-NOUS EN MAIN";"NON ! PRENONS-NOUS EN MAINS";73;"0,00%";"0,00%";0;26;LEXD;"FORTERESSE EUROPE";"FORTERESSE EUROPE - LISTE D'UNITE NATIONALISTE";470;"0,01%";"0,02%";0;27;LUG;"REVEIL EUR";"RÉVEILLER L'EUROPE";191318;"4,47%";"9,04%";13;28;LEXG;"NON À L'UE ET À L'OTAN, COMMUNISTES POUR LA PAIX ET LE PROGRÈS SOCIAL";"NON À L'UE ET À L'OTAN, COMMUNISTES POUR LA PAIX ET LE PROGRÈS SOCIAL";277;"0,01%";"0,01%";0;29;LDVD;AR;"ALLIANCE RURALE";51938;"1,21%";"2,45%";0;30;LDIV;"FRANCE LIBRE";"FRANCE LIBRE";312;"0,01%";"0,01%";0;31;LDVG;"EUROPE TERRITOIRES ÉCOLOGIE";"EUROPE TERRITOIRES ÉCOLOGIE";3835;"0,09%";"0,18%";0;32;LDIV;"LA RUCHE CITOYENNE";"LA RUCHE CITOYENNE";328;"0,01%";"0,02%";0;33;LCOM;"GAUCHE UNIE";"GAUCHE UNIE POUR LE MONDE DU TRAVAIL SOUTENUE PAR FABIEN ROUSSEL";65098;"1,52%";"3,07%";0;34;LDIV;"DEFENDRE LES ENFANTS";"DEFENDRE LES ENFANTS";343;"0,01%";"0,02%";0;35;LECO;EAC;"ÉCOLOGIE AU CENTRE";24856;"0,58%";"1,17%";0;36;LDIV;"DEMOCRATIE REPRESENTATIVE";"DEMOCRATIE REPRESENTATIVE";50;"0,00%";"0,00%";0;37;LDIV;ESPERANTO;"ESPERANTO LANGUE COMMUNE";748;"0,02%";"0,04%";0;38;LDIV;"LIBERTÉ DÉMOCRATIQUE FRANÇAISE";"LIBERTÉ DÉMOCRATIQUE FRANÇAISE";49;"0,00%";"0,00%";0
"44";"Grand Est";3895241;2022271;"51,92%";1872970;"48,08%";1963289;"50,40%";"97,08%";28551;"0,73%";"1,41%";30431;"0,78%";"1,50%";1;LDIV;"HUMANITE SOUVERAINE";"POUR UNE HUMANITE SOUVERAINE";62;"0,00%";"0,00%";0;2;LDIV;"POUR UNE DEMOCRATIE REELLE : DECIDONS NOUS-MEMES !";"POUR UNE DEMOCRATIE REELLE : DECIDONS NOUS-MEMES !";80;"0,00%";"0,00%";0;3;LREC;"LA FRANCE FIERE, MENEE PAR MARION MARECHAL ET SOUTENUE PAR ÉRIC ZEMMOUR";"LA FRANCE FIERE, MENEE PAR MARION MARECHAL ET SOUTENUE PAR ÉRIC ZEMMOUR";108760;"2,79%";"5,54%";5;4;LFI;"LFI - UP";"LA FRANCE INSOUMISE - UNION POPULAIRE";148897;"3,82%";"7,58%";9;5;LRN;"La FRANCE REVIENT";"LA FRANCE REVIENT ! AVEC JORDAN BARDELLA ET MARINE LE PEN";752624;"19,32%";"38,33%";30;6;LVEC;"EUROPE ÉCOLOGIE";"EUROPE ÉCOLOGIE";80997;"2,08%";"4,13%";5;7;LDIV;"FREE PALESTINE";"FREE PALESTINE";1592;"0,04%";"0,08%";0;8;LDIV;"PARTI ANIMALISTE";"PARTI ANIMALISTE - LES ANIMAUX COMPTENT, VOTRE VOIX AUSSI";48067;"1,23%";"2,45%";0;9;LEXG;"PARTI REVOLUTIONNAIRE COMMUNISTES";"PARTI REVOLUTIONNAIRE COMMUNISTES";72;"0,00%";"0,00%";0;10;LDIV;"PARTI PIRATE";"PARTI PIRATE";2602;"0,07%";"0,13%";0;11;LENS;"BESOIN D'EUROPE";"BESOIN D'EUROPE";283234;"7,27%";"14,43%";13;12;LDIV;PACE;"PACE - PARTI DES CITOYENS EUROPÉENS, POUR L'ARMÉE EUROPÉENNE, POUR L'EUROPE SOCIALE , POUR LA PLANÈTE !";771;"0,02%";"0,04%";0;13;LECO;ÉQUINOXE;"ÉQUINOXE : ÉCOLOGIE PRATIQUE ET RENOUVEAU DÉMOCRATIQUE";4954;"0,13%";"0,25%";0;14;LECO;"ECOLOGIE POSITIVE";"ECOLOGIE POSITIVE ET TERRITOIRES";8916;"0,23%";"0,45%";0;15;LDIV;"LISTE ASSELINEAU-FREXIT";"LISTE ASSELINEAU-FREXIT, POUR LE POUVOIR D'ACHAT ET POUR LA PAIX";21400;"0,55%";"1,09%";0;16;LEXG;"PAIX ET DECROISSANCE";"PAIX ET DECROISSANCE";273;"0,01%";"0,01%";0;17;LDIV;"POUR UNE AUTRE EUROPE";"POUR UNE AUTRE EUROPE";194;"0,00%";"0,01%";0;18;LLR;"LA DROITE POUR FAIRE ENTENDRE LA VOIX DE LA FRANCE EN EUROPE";"LA DROITE POUR FAIRE ENTENDRE LA VOIX DE LA FRANCE EN EUROPE";148689;"3,82%";"7,57%";6;19;LEXG;"LUTTE OUVRIERE";"LUTTE OUVRIERE - LE CAMP DES TRAVAILLEURS";10256;"0,26%";"0,52%";0;20;LDVG;"CHANGER L'EUROPE";"CHANGER L'EUROPE";594;"0,02%";"0,03%";0;21;LDIV;NLP;"NOUS LE PEUPLE";1285;"0,03%";"0,07%";0;22;LEXG;"URGENCE REVOLUTION !";"POUR UN MONDE SANS FRONTIERES NI PATRONS, URGENCE REVOLUTION !";2609;"0,07%";"0,13%";0;23;LEXG;PPL;"""POUR LE PAIN, LA PAIX, LA LIBERTÉ !"" PRÉSENTÉE PAR LE PARTI DES TRAVAILLEURS";297;"0,01%";"0,02%";0;24;LEXD;"L'EUROPE CA SUFFIT !";"L'EUROPE CA SUFFIT !";21953;"0,56%";"1,12%";0;25;LDIV;"PRENONS-NOUS EN MAIN";"NON ! PRENONS-NOUS EN MAINS";91;"0,00%";"0,00%";0;26;LEXD;"FORTERESSE EUROPE";"FORTERESSE EUROPE - LISTE D'UNITE NATIONALISTE";303;"0,01%";"0,02%";0;27;LUG;"REVEIL EUR";"RÉVEILLER L'EUROPE";211653;"5,43%";"10,78%";13;28;LEXG;"NON À L'UE ET À L'OTAN, COMMUNISTES POUR LA PAIX ET LE PROGRÈS SOCIAL";"NON À L'UE ET À L'OTAN, COMMUNISTES POUR LA PAIX ET LE PROGRÈS SOCIAL";94;"0,00%";"0,00%";0;29;LDVD;AR;"ALLIANCE RURALE";36728;"0,94%";"1,87%";0;30;LDIV;"FRANCE LIBRE";"FRANCE LIBRE";358;"0,01%";"0,02%";0;31;LDVG;"EUROPE TERRITOIRES ÉCOLOGIE";"EUROPE TERRITOIRES ÉCOLOGIE";4614;"0,12%";"0,24%";0;32;LDIV;"LA RUCHE CITOYENNE";"LA RUCHE CITOYENNE";199;"0,01%";"0,01%";0;33;LCOM;"GAUCHE UNIE";"GAUCHE UNIE POUR LE MONDE DU TRAVAIL SOUTENUE PAR FABIEN ROUSSEL";31610;"0,81%";"1,61%";0;34;LDIV;"DEFENDRE LES ENFANTS";"DEFENDRE LES ENFANTS";395;"0,01%";"0,02%";0;35;LECO;EAC;"ÉCOLOGIE AU CENTRE";27073;"0,70%";"1,38%";0;36;LDIV;"DEMOCRATIE REPRESENTATIVE";"DEMOCRATIE REPRESENTATIVE";19;"0,00%";"0,00%";0;37;LDIV;ESPERANTO;"ESPERANTO LANGUE COMMUNE";936;"0,02%";"0,05%";0;38;LDIV;"LIBERTÉ DÉMOCRATIQUE FRANÇAISE";"LIBERTÉ DÉMOCRATIQUE FRANÇAISE";38;"0,00%";"0,00%";0
"52";"Pays de la Loire";2871755;1527698;"53,20%";1344057;"46,80%";1475630;"51,38%";"96,59%";26204;"0,91%";"1,72%";25864;"0,90%";"1,69%";1;LDIV;"HUMANITE SOUVERAINE";"POUR UNE HUMANITE SOUVERAINE";156;"0,01%";"0,01%";0;2;LDIV;"POUR UNE DEMOCRATIE REELLE : DECIDONS NOUS-MEMES !";"POUR UNE DEMOCRATIE REELLE : DECIDONS NOUS-MEMES !";110;"0,00%";"0,01%";0;3;LREC;"LA FRANCE FIERE, MENEE PAR MARION MARECHAL ET SOUTENUE PAR ÉRIC ZEMMOUR";"LA FRANCE FIERE, MENEE PAR MARION MARECHAL ET SOUTENUE PAR ÉRIC ZEMMOUR";69532;"2,42%";"4,71%";5;4;LFI;"LFI - UP";"LA FRANCE INSOUMISE - UNION POPULAIRE";104035;"3,62%";"7,05%";9;5;LRN;"La FRANCE REVIENT";"LA FRANCE REVIENT ! AVEC JORDAN BARDELLA ET MARINE LE PEN";407778;"14,20%";"27,63%";30;6;LVEC;"EUROPE ÉCOLOGIE";"EUROPE ÉCOLOGIE";104849;"3,65%";"7,11%";5;7;LDIV;"FREE PALESTINE";"FREE PALESTINE";315;"0,01%";"0,02%";0;8;LDIV;"PARTI ANIMALISTE";"PARTI ANIMALISTE - LES ANIMAUX COMPTENT, VOTRE VOIX AUSSI";25151;"0,88%";"1,70%";0;9;LEXG;"PARTI REVOLUTIONNAIRE COMMUNISTES";"PARTI REVOLUTIONNAIRE COMMUNISTES";151;"0,01%";"0,01%";0;10;LDIV;"PARTI PIRATE";"PARTI PIRATE";2089;"0,07%";"0,14%";0;11;LENS;"BESOIN D'EUROPE";"BESOIN D'EUROPE";264523;"9,21%";"17,93%";13;12;LDIV;PACE;"PACE - PARTI DES CITOYENS EUROPÉENS, POUR L'ARMÉE EUROPÉENNE, POUR L'EUROPE SOCIALE , POUR LA PLANÈTE !";183;"0,01%";"0,01%";0;13;LECO;ÉQUINOXE;"ÉQUINOXE : ÉCOLOGIE PRATIQUE ET RENOUVEAU DÉMOCRATIQUE";5272;"0,18%";"0,36%";0;14;LECO;"ECOLOGIE POSITIVE";"ECOLOGIE POSITIVE ET TERRITOIRES";7132;"0,25%";"0,48%";0;15;LDIV;"LISTE ASSELINEAU-FREXIT";"LISTE ASSELINEAU-FREXIT, POUR LE POUVOIR D'ACHAT ET POUR LA PAIX";11956;"0,42%";"0,81%";0;16;LEXG;"PAIX ET DECROISSANCE";"PAIX ET DECROISSANCE";248;"0,01%";"0,02%";0;17;LDIV;"POUR UNE AUTRE EUROPE";"POUR UNE AUTRE EUROPE";203;"0,01%";"0,01%";0;18;LLR;"LA DROITE POUR FAIRE ENTENDRE LA VOIX DE LA FRANCE EN EUROPE";"LA DROITE POUR FAIRE ENTENDRE LA VOIX DE LA FRANCE EN EUROPE";116716;"4,06%";"7,91%";6;19;LEXG;"LUTTE OUVRIERE";"LUTTE OUVRIERE - LE CAMP DES TRAVAILLEURS";8634;"0,30%";"0,59%";0;20;LDVG;"CHANGER L'EUROPE";"CHANGER L'EUROPE";855;"0,03%";"0,06%";0;21;LDIV;NLP;"NOUS LE PEUPLE";781;"0,03%";"0,05%";0;22;LEXG;"URGENCE REVOLUTION !";"POUR UN MONDE SANS FRONTIERES NI PATRONS, URGENCE REVOLUTION !";2665;"0,09%";"0,18%";0;23;LEXG;PPL;"""POUR LE PAIN, LA PAIX, LA LIBERTÉ !"" PRÉSENTÉE PAR LE PARTI DES TRAVAILLEURS";115;"0,00%";"0,01%";0;24;LEXD;"L'EUROPE CA SUFFIT !";"L'EUROPE CA SUFFIT !";12571;"0,44%";"0,85%";0;25;LDIV;"PRENONS-NOUS EN MAIN";"NON ! PRENONS-NOUS EN MAINS";84;"0,00%";"0,01%";0;26;LEXD;"FORTERESSE EUROPE";"FORTERESSE EUROPE - LISTE D'UNITE NATIONALISTE";301;"0,01%";"0,02%";0;27;LUG;"REVEIL EUR";"RÉVEILLER L'EUROPE";238029;"8,29%";"16,13%";13;28;LEXG;"NON À L'UE ET À L'OTAN, COMMUNISTES POUR LA PAIX ET LE PROGRÈS SOCIAL";"NON À L'UE ET À L'OTAN, COMMUNISTES POUR LA PAIX ET LE PROGRÈS SOCIAL";213;"0,01%";"0,01%";0;29;LDVD;AR;"ALLIANCE RURALE";30454;"1,06%";"2,06%";0;30;LDIV;"FRANCE LIBRE";"FRANCE LIBRE";291;"0,01%";"0,02%";0;31;LDVG;"EUROPE TERRITOIRES ÉCOLOGIE";"EUROPE TERRITOIRES ÉCOLOGIE";4485;"0,16%";"0,30%";0;32;LDIV;"LA RUCHE CITOYENNE";"LA RUCHE CITOYENNE";234;"0,01%";"0,02%";0;33;LCOM;"GAUCHE UNIE";"GAUCHE UNIE POUR LE MONDE DU TRAVAIL SOUTENUE PAR FABIEN ROUSSEL";31598;"1,10%";"2,14%";0;34;LDIV;"DEFENDRE LES ENFANTS";"DEFENDRE LES ENFANTS";363;"0,01%";"0,02%";0;35;LECO;EAC;"ÉCOLOGIE AU CENTRE";22739;"0,79%";"1,54%";0;36;LDIV;"DEMOCRATIE REPRESENTATIVE";"DEMOCRATIE REPRESENTATIVE";63;"0,00%";"0,00%";0;37;LDIV;ESPERANTO;"ESPERANTO LANGUE COMMUNE";702;"0,02%";"0,05%";0;38;LDIV;"LIBERTÉ DÉMOCRATIQUE FRANÇAISE";"LIBERTÉ DÉMOCRATIQUE FRANÇAISE";54;"0,00%";"0,00%";0
"53";Bretagne;2591501;1479248;"57,08%";1112253;"42,92%";1435151;"55,38%";"97,02%";20821;"0,80%";"1,41%";23276;"0,90%";"1,57%";1;LDIV;"HUMANITE SOUVERAINE";"POUR UNE HUMANITE SOUVERAINE";92;"0,00%";"0,01%";0;2;LDIV;"POUR UNE DEMOCRATIE REELLE : DECIDONS NOUS-MEMES !";"POUR UNE DEMOCRATIE REELLE : DECIDONS NOUS-MEMES !";139;"0,01%";"0,01%";0;3;LREC;"LA FRANCE FIERE, MENEE PAR MARION MARECHAL ET SOUTENUE PAR ÉRIC ZEMMOUR";"LA FRANCE FIERE, MENEE PAR MARION MARECHAL ET SOUTENUE PAR ÉRIC ZEMMOUR";60722;"2,34%";"4,23%";5;4;LFI;"LFI - UP";"LA FRANCE INSOUMISE - UNION POPULAIRE";101604;"3,92%";"7,08%";9;5;LRN;"La FRANCE REVIENT";"LA FRANCE REVIENT ! AVEC JORDAN BARDELLA ET MARINE LE PEN";367102;"14,17%";"25,58%";30;6;LVEC;"EUROPE ÉCOLOGIE";"EUROPE ÉCOLOGIE";104517;"4,03%";"7,28%";5;7;LDIV;"FREE PALESTINE";"FREE PALESTINE";358;"0,01%";"0,02%";0;8;LDIV;"PARTI ANIMALISTE";"PARTI ANIMALISTE - LES ANIMAUX COMPTENT, VOTRE VOIX AUSSI";27306;"1,05%";"1,90%";0;9;LEXG;"PARTI REVOLUTIONNAIRE COMMUNISTES";"PARTI REVOLUTIONNAIRE COMMUNISTES";158;"0,01%";"0,01%";0;10;LDIV;"PARTI PIRATE";"PARTI PIRATE";1151;"0,04%";"0,08%";0;11;LENS;"BESOIN D'EUROPE";"BESOIN D'EUROPE";249867;"9,64%";"17,41%";13;12;LDIV;PACE;"PACE - PARTI DES CITOYENS EUROPÉENS, POUR L'ARMÉE EUROPÉENNE, POUR L'EUROPE SOCIALE , POUR LA PLANÈTE !";94;"0,00%";"0,01%";0;13;LECO;ÉQUINOXE;"ÉQUINOXE : ÉCOLOGIE PRATIQUE ET RENOUVEAU DÉMOCRATIQUE";5060;"0,20%";"0,35%";0;14;LECO;"ECOLOGIE POSITIVE";"ECOLOGIE POSITIVE ET TERRITOIRES";6816;"0,26%";"0,47%";0;15;LDIV;"LISTE ASSELINEAU-FREXIT";"LISTE ASSELINEAU-FREXIT, POUR LE POUVOIR D'ACHAT ET POUR LA PAIX";13219;"0,51%";"0,92%";0;16;LEXG;"PAIX ET DECROISSANCE";"PAIX ET DECROISSANCE";339;"0,01%";"0,02%";0;17;LDIV;"POUR UNE AUTRE EUROPE";"POUR UNE AUTRE EUROPE";261;"0,01%";"0,02%";0;18;LLR;"LA DROITE POUR FAIRE ENTENDRE LA VOIX DE LA FRANCE EN EUROPE";"LA DROITE POUR FAIRE ENTENDRE LA VOIX DE LA FRANCE EN EUROPE";108068;"4,17%";"7,53%";6;19;LEXG;"LUTTE OUVRIERE";"LUTTE OUVRIERE - LE CAMP DES TRAVAILLEURS";8402;"0,32%";"0,59%";0;20;LDVG;"CHANGER L'EUROPE";"CHANGER L'EUROPE";1128;"0,04%";"0,08%";0;21;LDIV;NLP;"NOUS LE PEUPLE";793;"0,03%";"0,06%";0;22;LEXG;"URGENCE REVOLUTION !";"POUR UN MONDE SANS FRONTIERES NI PATRONS, URGENCE REVOLUTION !";2915;"0,11%";"0,20%";0;23;LEXG;PPL;"""POUR LE PAIN, LA PAIX, LA LIBERTÉ !"" PRÉSENTÉE PAR LE PARTI DES TRAVAILLEURS";372;"0,01%";"0,03%";0;24;LEXD;"L'EUROPE CA SUFFIT !";"L'EUROPE CA SUFFIT !";11555;"0,45%";"0,81%";0;25;LDIV;"PRENONS-NOUS EN MAIN";"NON ! PRENONS-NOUS EN MAINS";56;"0,00%";"0,00%";0;26;LEXD;"FORTERESSE EUROPE";"FORTERESSE EUROPE - LISTE D'UNITE NATIONALISTE";225;"0,01%";"0,02%";0;27;LUG;"REVEIL EUR";"RÉVEILLER L'EUROPE";264599;"10,21%";"18,44%";13;28;LEXG;"NON À L'UE ET À L'OTAN, COMMUNISTES POUR LA PAIX ET LE PROGRÈS SOCIAL";"NON À L'UE ET À L'OTAN, COMMUNISTES POUR LA PAIX ET LE PROGRÈS SOCIAL";120;"0,00%";"0,01%";0;29;LDVD;AR;"ALLIANCE RURALE";33398;"1,29%";"2,33%";0;30;LDIV;"FRANCE LIBRE";"FRANCE LIBRE";256;"0,01%";"0,02%";0;31;LDVG;"EUROPE TERRITOIRES ÉCOLOGIE";"EUROPE TERRITOIRES ÉCOLOGIE";5785;"0,22%";"0,40%";0;32;LDIV;"LA RUCHE CITOYENNE";"LA RUCHE CITOYENNE";234;"0,01%";"0,02%";0;33;LCOM;"GAUCHE UNIE";"GAUCHE UNIE POUR LE MONDE DU TRAVAIL SOUTENUE PAR FABIEN ROUSSEL";36692;"1,42%";"2,56%";0;34;LDIV;"DEFENDRE LES ENFANTS";"DEFENDRE LES ENFANTS";493;"0,02%";"0,03%";0;35;LECO;EAC;"ÉCOLOGIE AU CENTRE";20412;"0,79%";"1,42%";0;36;LDIV;"DEMOCRATIE REPRESENTATIVE";"DEMOCRATIE REPRESENTATIVE";37;"0,00%";"0,00%";0;37;LDIV;ESPERANTO;"ESPERANTO LANGUE COMMUNE";766;"0,03%";"0,05%";0;38;LDIV;"LIBERTÉ DÉMOCRATIQUE FRANÇAISE";"LIBERTÉ DÉMOCRATIQUE FRANÇAISE";40;"0,00%";"0,00%";0
"75";"Nouvelle-Aquitaine";4525397;2517128;"55,62%";2008269;"44,38%";2427527;"53,64%";"96,44%";38236;"0,84%";"1,52%";51365;"1,14%";"2,04%";1;LDIV;"HUMANITE SOUVERAINE";"POUR UNE HUMANITE SOUVERAINE";11;"0,00%";"0,00%";0;2;LDIV;"POUR UNE DEMOCRATIE REELLE : DECIDONS NOUS-MEMES !";"POUR UNE DEMOCRATIE REELLE : DECIDONS NOUS-MEMES !";90;"0,00%";"0,00%";0;3;LREC;"LA FRANCE FIERE, MENEE PAR MARION MARECHAL ET SOUTENUE PAR ÉRIC ZEMMOUR";"LA FRANCE FIERE, MENEE PAR MARION MARECHAL ET SOUTENUE PAR ÉRIC ZEMMOUR";121621;"2,69%";"5,01%";5;4;LFI;"LFI - UP";"LA FRANCE INSOUMISE - UNION POPULAIRE";165017;"3,65%";"6,80%";9;5;LRN;"La FRANCE REVIENT";"LA FRANCE REVIENT ! AVEC JORDAN BARDELLA ET MARINE LE PEN";751054;"16,60%";"30,94%";30;6;LVEC;"EUROPE ÉCOLOGIE";"EUROPE ÉCOLOGIE";128806;"2,85%";"5,31%";5;7;LDIV;"FREE PALESTINE";"FREE PALESTINE";429;"0,01%";"0,02%";0;8;LDIV;"PARTI ANIMALISTE";"PARTI ANIMALISTE - LES ANIMAUX COMPTENT, VOTRE VOIX AUSSI";47271;"1,04%";"1,95%";0;9;LEXG;"PARTI REVOLUTIONNAIRE COMMUNISTES";"PARTI REVOLUTIONNAIRE COMMUNISTES";84;"0,00%";"0,00%";0;10;LDIV;"PARTI PIRATE";"PARTI PIRATE";1442;"0,03%";"0,06%";0;11;LENS;"BESOIN D'EUROPE";"BESOIN D'EUROPE";358511;"7,92%";"14,77%";13;12;LDIV;PACE;"PACE - PARTI DES CITOYENS EUROPÉENS, POUR L'ARMÉE EUROPÉENNE, POUR L'EUROPE SOCIALE , POUR LA PLANÈTE !";584;"0,01%";"0,02%";0;13;LECO;ÉQUINOXE;"ÉQUINOXE : ÉCOLOGIE PRATIQUE ET RENOUVEAU DÉMOCRATIQUE";6898;"0,15%";"0,28%";0;14;LECO;"ECOLOGIE POSITIVE";"ECOLOGIE POSITIVE ET TERRITOIRES";10489;"0,23%";"0,43%";0;15;LDIV;"LISTE ASSELINEAU-FREXIT";"LISTE ASSELINEAU-FREXIT, POUR LE POUVOIR D'ACHAT ET POUR LA PAIX";24976;"0,55%";"1,03%";0;16;LEXG;"PAIX ET DECROISSANCE";"PAIX ET DECROISSANCE";303;"0,01%";"0,01%";0;17;LDIV;"POUR UNE AUTRE EUROPE";"POUR UNE AUTRE EUROPE";324;"0,01%";"0,01%";0;18;LLR;"LA DROITE POUR FAIRE ENTENDRE LA VOIX DE LA FRANCE EN EUROPE";"LA DROITE POUR FAIRE ENTENDRE LA VOIX DE LA FRANCE EN EUROPE";157461;"3,48%";"6,49%";6;19;LEXG;"LUTTE OUVRIERE";"LUTTE OUVRIERE - LE CAMP DES TRAVAILLEURS";11584;"0,26%";"0,48%";0;20;LDVG;"CHANGER L'EUROPE";"CHANGER L'EUROPE";1548;"0,03%";"0,06%";0;21;LDIV;NLP;"NOUS LE PEUPLE";400;"0,01%";"0,02%";0;22;LEXG;"URGENCE REVOLUTION !";"POUR UN MONDE SANS FRONTIERES NI PATRONS, URGENCE REVOLUTION !";4506;"0,10%";"0,19%";0;23;LEXG;PPL;"""POUR LE PAIN, LA PAIX, LA LIBERTÉ !"" PRÉSENTÉE PAR LE PARTI DES TRAVAILLEURS";195;"0,00%";"0,01%";0;24;LEXD;"L'EUROPE CA SUFFIT !";"L'EUROPE CA SUFFIT !";22351;"0,49%";"0,92%";0;25;LDIV;"PRENONS-NOUS EN MAIN";"NON ! PRENONS-NOUS EN MAINS";105;"0,00%";"0,00%";0;26;LEXD;"FORTERESSE EUROPE";"FORTERESSE EUROPE - LISTE D'UNITE NATIONALISTE";231;"0,01%";"0,01%";0;27;LUG;"REVEIL EUR";"RÉVEILLER L'EUROPE";387328;"8,56%";"15,96%";13;28;LEXG;"NON À L'UE ET À L'OTAN, COMMUNISTES POUR LA PAIX ET LE PROGRÈS SOCIAL";"NON À L'UE ET À L'OTAN, COMMUNISTES POUR LA PAIX ET LE PROGRÈS SOCIAL";462;"0,01%";"0,02%";0;29;LDVD;AR;"ALLIANCE RURALE";112883;"2,49%";"4,65%";0;30;LDIV;"FRANCE LIBRE";"FRANCE LIBRE";897;"0,02%";"0,04%";0;31;LDVG;"EUROPE TERRITOIRES ÉCOLOGIE";"EUROPE TERRITOIRES ÉCOLOGIE";6498;"0,14%";"0,27%";0;32;LDIV;"LA RUCHE CITOYENNE";"LA RUCHE CITOYENNE";468;"0,01%";"0,02%";0;33;LCOM;"GAUCHE UNIE";"GAUCHE UNIE POUR LE MONDE DU TRAVAIL SOUTENUE PAR FABIEN ROUSSEL";70598;"1,56%";"2,91%";0;34;LDIV;"DEFENDRE LES ENFANTS";"DEFENDRE LES ENFANTS";548;"0,01%";"0,02%";0;35;LECO;EAC;"ÉCOLOGIE AU CENTRE";30467;"0,67%";"1,26%";0;36;LDIV;"DEMOCRATIE REPRESENTATIVE";"DEMOCRATIE REPRESENTATIVE";30;"0,00%";"0,00%";0;37;LDIV;ESPERANTO;"ESPERANTO LANGUE COMMUNE";1009;"0,02%";"0,04%";0;38;LDIV;"LIBERTÉ DÉMOCRATIQUE FRANÇAISE";"LIBERTÉ DÉMOCRATIQUE FRANÇAISE";48;"0,00%";"0,00%";0
"76";Occitanie;4403457;2490048;"56,55%";1913409;"43,45%";2417131;"54,89%";"97,07%";33532;"0,76%";"1,35%";39385;"0,89%";"1,58%";1;LDIV;"HUMANITE SOUVERAINE";"POUR UNE HUMANITE SOUVERAINE";35;"0,00%";"0,00%";0;2;LDIV;"POUR UNE DEMOCRATIE REELLE : DECIDONS NOUS-MEMES !";"POUR UNE DEMOCRATIE REELLE : DECIDONS NOUS-MEMES !";122;"0,00%";"0,01%";0;3;LREC;"LA FRANCE FIERE, MENEE PAR MARION MARECHAL ET SOUTENUE PAR ÉRIC ZEMMOUR";"LA FRANCE FIERE, MENEE PAR MARION MARECHAL ET SOUTENUE PAR ÉRIC ZEMMOUR";133848;"3,04%";"5,54%";5;4;LFI;"LFI - UP";"LA FRANCE INSOUMISE - UNION POPULAIRE";216535;"4,92%";"8,96%";9;5;LRN;"La FRANCE REVIENT";"LA FRANCE REVIENT ! AVEC JORDAN BARDELLA ET MARINE LE PEN";814265;"18,49%";"33,69%";30;6;LVEC;"EUROPE ÉCOLOGIE";"EUROPE ÉCOLOGIE";124245;"2,82%";"5,14%";5;7;LDIV;"FREE PALESTINE";"FREE PALESTINE";324;"0,01%";"0,01%";0;8;LDIV;"PARTI ANIMALISTE";"PARTI ANIMALISTE - LES ANIMAUX COMPTENT, VOTRE VOIX AUSSI";43661;"0,99%";"1,81%";0;9;LEXG;"PARTI REVOLUTIONNAIRE COMMUNISTES";"PARTI REVOLUTIONNAIRE COMMUNISTES";35;"0,00%";"0,00%";0;10;LDIV;"PARTI PIRATE";"PARTI PIRATE";1268;"0,03%";"0,05%";0;11;LENS;"BESOIN D'EUROPE";"BESOIN D'EUROPE";293917;"6,67%";"12,16%";13;12;LDIV;PACE;"PACE - PARTI DES CITOYENS EUROPÉENS, POUR L'ARMÉE EUROPÉENNE, POUR L'EUROPE SOCIALE , POUR LA PLANÈTE !";257;"0,01%";"0,01%";0;13;LECO;ÉQUINOXE;"ÉQUINOXE : ÉCOLOGIE PRATIQUE ET RENOUVEAU DÉMOCRATIQUE";7548;"0,17%";"0,31%";0;14;LECO;"ECOLOGIE POSITIVE";"ECOLOGIE POSITIVE ET TERRITOIRES";9849;"0,22%";"0,41%";0;15;LDIV;"LISTE ASSELINEAU-FREXIT";"LISTE ASSELINEAU-FREXIT, POUR LE POUVOIR D'ACHAT ET POUR LA PAIX";26881;"0,61%";"1,11%";0;16;LEXG;"PAIX ET DECROISSANCE";"PAIX ET DECROISSANCE";433;"0,01%";"0,02%";0;17;LDIV;"POUR UNE AUTRE EUROPE";"POUR UNE AUTRE EUROPE";198;"0,00%";"0,01%";0;18;LLR;"LA DROITE POUR FAIRE ENTENDRE LA VOIX DE LA FRANCE EN EUROPE";"LA DROITE POUR FAIRE ENTENDRE LA VOIX DE LA FRANCE EN EUROPE";132569;"3,01%";"5,48%";6;19;LEXG;"LUTTE OUVRIERE";"LUTTE OUVRIERE - LE CAMP DES TRAVAILLEURS";9553;"0,22%";"0,40%";0;20;LDVG;"CHANGER L'EUROPE";"CHANGER L'EUROPE";1212;"0,03%";"0,05%";0;21;LDIV;NLP;"NOUS LE PEUPLE";1920;"0,04%";"0,08%";0;22;LEXG;"URGENCE REVOLUTION !";"POUR UN MONDE SANS FRONTIERES NI PATRONS, URGENCE REVOLUTION !";4216;"0,10%";"0,17%";0;23;LEXG;PPL;"""POUR LE PAIN, LA PAIX, LA LIBERTÉ !"" PRÉSENTÉE PAR LE PARTI DES TRAVAILLEURS";214;"0,00%";"0,01%";0;24;LEXD;"L'EUROPE CA SUFFIT !";"L'EUROPE CA SUFFIT !";24369;"0,55%";"1,01%";0;25;LDIV;"PRENONS-NOUS EN MAIN";"NON ! PRENONS-NOUS EN MAINS";194;"0,00%";"0,01%";0;26;LEXD;"FORTERESSE EUROPE";"FORTERESSE EUROPE - LISTE D'UNITE NATIONALISTE";588;"0,01%";"0,02%";0;27;LUG;"REVEIL EUR";"RÉVEILLER L'EUROPE";374941;"8,51%";"15,51%";13;28;LEXG;"NON À L'UE ET À L'OTAN, COMMUNISTES POUR LA PAIX ET LE PROGRÈS SOCIAL";"NON À L'UE ET À L'OTAN, COMMUNISTES POUR LA PAIX ET LE PROGRÈS SOCIAL";186;"0,00%";"0,01%";0;29;LDVD;AR;"ALLIANCE RURALE";92815;"2,11%";"3,84%";0;30;LDIV;"FRANCE LIBRE";"FRANCE LIBRE";597;"0,01%";"0,02%";0;31;LDVG;"EUROPE TERRITOIRES ÉCOLOGIE";"EUROPE TERRITOIRES ÉCOLOGIE";6255;"0,14%";"0,26%";0;32;LDIV;"LA RUCHE CITOYENNE";"LA RUCHE CITOYENNE";572;"0,01%";"0,02%";0;33;LCOM;"GAUCHE UNIE";"GAUCHE UNIE POUR LE MONDE DU TRAVAIL SOUTENUE PAR FABIEN ROUSSEL";64477;"1,46%";"2,67%";0;34;LDIV;"DEFENDRE LES ENFANTS";"DEFENDRE LES ENFANTS";286;"0,01%";"0,01%";0;35;LECO;EAC;"ÉCOLOGIE AU CENTRE";27739;"0,63%";"1,15%";0;36;LDIV;"DEMOCRATIE REPRESENTATIVE";"DEMOCRATIE REPRESENTATIVE";25;"0,00%";"0,00%";0;37;LDIV;ESPERANTO;"ESPERANTO LANGUE COMMUNE";922;"0,02%";"0,04%";0;38;LDIV;"LIBERTÉ DÉMOCRATIQUE FRANÇAISE";"LIBERTÉ DÉMOCRATIQUE FRANÇAISE";60;"0,00%";"0,00%";0
"84";"Auvergne-Rhône-Alpes";5636942;3163228;"56,12%";2473714;"43,88%";3080057;"54,64%";"97,37%";41354;"0,73%";"1,31%";41817;"0,74%";"1,32%";1;LDIV;"HUMANITE SOUVERAINE";"POUR UNE HUMANITE SOUVERAINE";29;"0,00%";"0,00%";0;2;LDIV;"POUR UNE DEMOCRATIE REELLE : DECIDONS NOUS-MEMES !";"POUR UNE DEMOCRATIE REELLE : DECIDONS NOUS-MEMES !";158;"0,00%";"0,01%";0;3;LREC;"LA FRANCE FIERE, MENEE PAR MARION MARECHAL ET SOUTENUE PAR ÉRIC ZEMMOUR";"LA FRANCE FIERE, MENEE PAR MARION MARECHAL ET SOUTENUE PAR ÉRIC ZEMMOUR";172274;"3,06%";"5,59%";5;4;LFI;"LFI - UP";"LA FRANCE INSOUMISE - UNION POPULAIRE";292518;"5,19%";"9,50%";9;5;LRN;"La FRANCE REVIENT";"LA FRANCE REVIENT ! AVEC JORDAN BARDELLA ET MARINE LE PEN";952167;"16,89%";"30,91%";30;6;LVEC;"EUROPE ÉCOLOGIE";"EUROPE ÉCOLOGIE";191073;"3,39%";"6,20%";5;7;LDIV;"FREE PALESTINE";"FREE PALESTINE";4108;"0,07%";"0,13%";0;8;LDIV;"PARTI ANIMALISTE";"PARTI ANIMALISTE - LES ANIMAUX COMPTENT, VOTRE VOIX AUSSI";56783;"1,01%";"1,84%";0;9;LEXG;"PARTI REVOLUTIONNAIRE COMMUNISTES";"PARTI REVOLUTIONNAIRE COMMUNISTES";105;"0,00%";"0,00%";0;10;LDIV;"PARTI PIRATE";"PARTI PIRATE";5725;"0,10%";"0,19%";0;11;LENS;"BESOIN D'EUROPE";"BESOIN D'EUROPE";437205;"7,76%";"14,19%";13;12;LDIV;PACE;"PACE - PARTI DES CITOYENS EUROPÉENS, POUR L'ARMÉE EUROPÉENNE, POUR L'EUROPE SOCIALE , POUR LA PLANÈTE !";838;"0,01%";"0,03%";0;13;LECO;ÉQUINOXE;"ÉQUINOXE : ÉCOLOGIE PRATIQUE ET RENOUVEAU DÉMOCRATIQUE";11691;"0,21%";"0,38%";0;14;LECO;"ECOLOGIE POSITIVE";"ECOLOGIE POSITIVE ET TERRITOIRES";12609;"0,22%";"0,41%";0;15;LDIV;"LISTE ASSELINEAU-FREXIT";"LISTE ASSELINEAU-FREXIT, POUR LE POUVOIR D'ACHAT ET POUR LA PAIX";31257;"0,55%";"1,01%";0;16;LEXG;"PAIX ET DECROISSANCE";"PAIX ET DECROISSANCE";625;"0,01%";"0,02%";0;17;LDIV;"POUR UNE AUTRE EUROPE";"POUR UNE AUTRE EUROPE";305;"0,01%";"0,01%";0;18;LLR;"LA DROITE POUR FAIRE ENTENDRE LA VOIX DE LA FRANCE EN EUROPE";"LA DROITE POUR FAIRE ENTENDRE LA VOIX DE LA FRANCE EN EUROPE";245483;"4,35%";"7,97%";6;19;LEXG;"LUTTE OUVRIERE";"LUTTE OUVRIERE - LE CAMP DES TRAVAILLEURS";13097;"0,23%";"0,43%";0;20;LDVG;"CHANGER L'EUROPE";"CHANGER L'EUROPE";1953;"0,03%";"0,06%";0;21;LDIV;NLP;"NOUS LE PEUPLE";1843;"0,03%";"0,06%";0;22;LEXG;"URGENCE REVOLUTION !";"POUR UN MONDE SANS FRONTIERES NI PATRONS, URGENCE REVOLUTION !";4740;"0,08%";"0,15%";0;23;LEXG;PPL;"""POUR LE PAIN, LA PAIX, LA LIBERTÉ !"" PRÉSENTÉE PAR LE PARTI DES TRAVAILLEURS";330;"0,01%";"0,01%";0;24;LEXD;"L'EUROPE CA SUFFIT !";"L'EUROPE CA SUFFIT !";27779;"0,49%";"0,90%";0;25;LDIV;"PRENONS-NOUS EN MAIN";"NON ! PRENONS-NOUS EN MAINS";125;"0,00%";"0,00%";0;26;LEXD;"FORTERESSE EUROPE";"FORTERESSE EUROPE - LISTE D'UNITE NATIONALISTE";393;"0,01%";"0,01%";0;27;LUG;"REVEIL EUR";"RÉVEILLER L'EUROPE";426383;"7,56%";"13,84%";13;28;LEXG;"NON À L'UE ET À L'OTAN, COMMUNISTES POUR LA PAIX ET LE PROGRÈS SOCIAL";"NON À L'UE ET À L'OTAN, COMMUNISTES POUR LA PAIX ET LE PROGRÈS SOCIAL";197;"0,00%";"0,01%";0;29;LDVD;AR;"ALLIANCE RURALE";64037;"1,14%";"2,08%";0;30;LDIV;"FRANCE LIBRE";"FRANCE LIBRE";565;"0,01%";"0,02%";0;31;LDVG;"EUROPE TERRITOIRES ÉCOLOGIE";"EUROPE TERRITOIRES ÉCOLOGIE";8573;"0,15%";"0,28%";0;32;LDIV;"LA RUCHE CITOYENNE";"LA RUCHE CITOYENNE";447;"0,01%";"0,01%";0;33;LCOM;"GAUCHE UNIE";"GAUCHE UNIE POUR LE MONDE DU TRAVAIL SOUTENUE PAR FABIEN ROUSSEL";71339;"1,27%";"2,32%";0;34;LDIV;"DEFENDRE LES ENFANTS";"DEFENDRE LES ENFANTS";424;"0,01%";"0,01%";0;35;LECO;EAC;"ÉCOLOGIE AU CENTRE";41643;"0,74%";"1,35%";0;36;LDIV;"DEMOCRATIE REPRESENTATIVE";"DEMOCRATIE REPRESENTATIVE";30;"0,00%";"0,00%";0;37;LDIV;ESPERANTO;"ESPERANTO LANGUE COMMUNE";1136;"0,02%";"0,04%";0;38;LDIV;"LIBERTÉ DÉMOCRATIQUE FRANÇAISE";"LIBERTÉ DÉMOCRATIQUE FRANÇAISE";70;"0,00%";"0,00%";0
"93";"Provence-Alpes-Côte d'Azur";3721877;1988706;"53,43%";1733171;"46,57%";1944525;"52,25%";"97,78%";20316;"0,55%";"1,02%";23865;"0,64%";"1,20%";1;LDIV;"HUMANITE SOUVERAINE";"POUR UNE HUMANITE SOUVERAINE";98;"0,00%";"0,01%";0;2;LDIV;"POUR UNE DEMOCRATIE REELLE : DECIDONS NOUS-MEMES !";"POUR UNE DEMOCRATIE REELLE : DECIDONS NOUS-MEMES !";108;"0,00%";"0,01%";0;3;LREC;"LA FRANCE FIERE, MENEE PAR MARION MARECHAL ET SOUTENUE PAR ÉRIC ZEMMOUR";"LA FRANCE FIERE, MENEE PAR MARION MARECHAL ET SOUTENUE PAR ÉRIC ZEMMOUR";150248;"4,04%";"7,73%";5;4;LFI;"LFI - UP";"LA FRANCE INSOUMISE - UNION POPULAIRE";188289;"5,06%";"9,68%";9;5;LRN;"La FRANCE REVIENT";"LA FRANCE REVIENT ! AVEC JORDAN BARDELLA ET MARINE LE PEN";751466;"20,19%";"38,65%";30;6;LVEC;"EUROPE ÉCOLOGIE";"EUROPE ÉCOLOGIE";82316;"2,21%";"4,23%";5;7;LDIV;"FREE PALESTINE";"FREE PALESTINE";743;"0,02%";"0,04%";0;8;LDIV;"PARTI ANIMALISTE";"PARTI ANIMALISTE - LES ANIMAUX COMPTENT, VOTRE VOIX AUSSI";37357;"1,00%";"1,92%";0;9;LEXG;"PARTI REVOLUTIONNAIRE COMMUNISTES";"PARTI REVOLUTIONNAIRE COMMUNISTES";111;"0,00%";"0,01%";0;10;LDIV;"PARTI PIRATE";"PARTI PIRATE";1816;"0,05%";"0,09%";0;11;LENS;"BESOIN D'EUROPE";"BESOIN D'EUROPE";238313;"6,40%";"12,26%";13;12;LDIV;PACE;"PACE - PARTI DES CITOYENS EUROPÉENS, POUR L'ARMÉE EUROPÉENNE, POUR L'EUROPE SOCIALE , POUR LA PLANÈTE !";462;"0,01%";"0,02%";0;13;LECO;ÉQUINOXE;"ÉQUINOXE : ÉCOLOGIE PRATIQUE ET RENOUVEAU DÉMOCRATIQUE";4500;"0,12%";"0,23%";0;14;LECO;"ECOLOGIE POSITIVE";"ECOLOGIE POSITIVE ET TERRITOIRES";8347;"0,22%";"0,43%";0;15;LDIV;"LISTE ASSELINEAU-FREXIT";"LISTE ASSELINEAU-FREXIT, POUR LE POUVOIR D'ACHAT ET POUR LA PAIX";22119;"0,59%";"1,14%";0;16;LEXG;"PAIX ET DECROISSANCE";"PAIX ET DECROISSANCE";232;"0,01%";"0,01%";0;17;LDIV;"POUR UNE AUTRE EUROPE";"POUR UNE AUTRE EUROPE";351;"0,01%";"0,02%";0;18;LLR;"LA DROITE POUR FAIRE ENTENDRE LA VOIX DE LA FRANCE EN EUROPE";"LA DROITE POUR FAIRE ENTENDRE LA VOIX DE LA FRANCE EN EUROPE";123861;"3,33%";"6,37%";6;19;LEXG;"LUTTE OUVRIERE";"LUTTE OUVRIERE - LE CAMP DES TRAVAILLEURS";5430;"0,15%";"0,28%";0;20;LDVG;"CHANGER L'EUROPE";"CHANGER L'EUROPE";712;"0,02%";"0,04%";0;21;LDIV;NLP;"NOUS LE PEUPLE";342;"0,01%";"0,02%";0;22;LEXG;"URGENCE REVOLUTION !";"POUR UN MONDE SANS FRONTIERES NI PATRONS, URGENCE REVOLUTION !";2092;"0,06%";"0,11%";0;23;LEXG;PPL;"""POUR LE PAIN, LA PAIX, LA LIBERTÉ !"" PRÉSENTÉE PAR LE PARTI DES TRAVAILLEURS";352;"0,01%";"0,02%";0;24;LEXD;"L'EUROPE CA SUFFIT !";"L'EUROPE CA SUFFIT !";20994;"0,56%";"1,08%";0;25;LDIV;"PRENONS-NOUS EN MAIN";"NON ! PRENONS-NOUS EN MAINS";152;"0,00%";"0,01%";0;26;LEXD;"FORTERESSE EUROPE";"FORTERESSE EUROPE - LISTE D'UNITE NATIONALISTE";469;"0,01%";"0,02%";0;27;LUG;"REVEIL EUR";"RÉVEILLER L'EUROPE";204048;"5,48%";"10,49%";13;28;LEXG;"NON À L'UE ET À L'OTAN, COMMUNISTES POUR LA PAIX ET LE PROGRÈS SOCIAL";"NON À L'UE ET À L'OTAN, COMMUNISTES POUR LA PAIX ET LE PROGRÈS SOCIAL";563;"0,02%";"0,03%";0;29;LDVD;AR;"ALLIANCE RURALE";29725;"0,80%";"1,53%";0;30;LDIV;"FRANCE LIBRE";"FRANCE LIBRE";491;"0,01%";"0,03%";0;31;LDVG;"EUROPE TERRITOIRES ÉCOLOGIE";"EUROPE TERRITOIRES ÉCOLOGIE";3324;"0,09%";"0,17%";0;32;LDIV;"LA RUCHE CITOYENNE";"LA RUCHE CITOYENNE";260;"0,01%";"0,01%";0;33;LCOM;"GAUCHE UNIE";"GAUCHE UNIE POUR LE MONDE DU TRAVAIL SOUTENUE PAR FABIEN ROUSSEL";41387;"1,11%";"2,13%";0;34;LDIV;"DEFENDRE LES ENFANTS";"DEFENDRE LES ENFANTS";306;"0,01%";"0,02%";0;35;LECO;EAC;"ÉCOLOGIE AU CENTRE";22418;"0,60%";"1,15%";0;36;LDIV;"DEMOCRATIE REPRESENTATIVE";"DEMOCRATIE REPRESENTATIVE";47;"0,00%";"0,00%";0;37;LDIV;ESPERANTO;"ESPERANTO LANGUE COMMUNE";622;"0,02%";"0,03%";0;38;LDIV;"LIBERTÉ DÉMOCRATIQUE FRANÇAISE";"LIBERTÉ DÉMOCRATIQUE FRANÇAISE";54;"0,00%";"0,00%";0
"94";Corse;248762;107583;"43,25%";141179;"56,75%";105352;"42,35%";"97,93%";990;"0,40%";"0,92%";1241;"0,50%";"1,15%";1;LDIV;"HUMANITE SOUVERAINE";"POUR UNE HUMANITE SOUVERAINE";5;"0,00%";"0,00%";0;2;LDIV;"POUR UNE DEMOCRATIE REELLE : DECIDONS NOUS-MEMES !";"POUR UNE DEMOCRATIE REELLE : DECIDONS NOUS-MEMES !";28;"0,01%";"0,03%";0;3;LREC;"LA FRANCE FIERE, MENEE PAR MARION MARECHAL ET SOUTENUE PAR ÉRIC ZEMMOUR";"LA FRANCE FIERE, MENEE PAR MARION MARECHAL ET SOUTENUE PAR ÉRIC ZEMMOUR";8819;"3,55%";"8,37%";5;4;LFI;"LFI - UP";"LA FRANCE INSOUMISE - UNION POPULAIRE";4264;"1,71%";"4,05%";9;5;LRN;"La FRANCE REVIENT";"LA FRANCE REVIENT ! AVEC JORDAN BARDELLA ET MARINE LE PEN";42938;"17,26%";"40,76%";30;6;LVEC;"EUROPE ÉCOLOGIE";"EUROPE ÉCOLOGIE";2626;"1,06%";"2,49%";5;7;LDIV;"FREE PALESTINE";"FREE PALESTINE";8;"0,00%";"0,01%";0;8;LDIV;"PARTI ANIMALISTE";"PARTI ANIMALISTE - LES ANIMAUX COMPTENT, VOTRE VOIX AUSSI";2097;"0,84%";"1,99%";0;9;LEXG;"PARTI REVOLUTIONNAIRE COMMUNISTES";"PARTI REVOLUTIONNAIRE COMMUNISTES";1;"0,00%";"0,00%";0;10;LDIV;"PARTI PIRATE";"PARTI PIRATE";35;"0,01%";"0,03%";0;11;LENS;"BESOIN D'EUROPE";"BESOIN D'EUROPE";13990;"5,62%";"13,28%";13;12;LDIV;PACE;"PACE - PARTI DES CITOYENS EUROPÉENS, POUR L'ARMÉE EUROPÉENNE, POUR L'EUROPE SOCIALE , POUR LA PLANÈTE !";11;"0,00%";"0,01%";0;13;LECO;ÉQUINOXE;"ÉQUINOXE : ÉCOLOGIE PRATIQUE ET RENOUVEAU DÉMOCRATIQUE";187;"0,08%";"0,18%";0;14;LECO;"ECOLOGIE POSITIVE";"ECOLOGIE POSITIVE ET TERRITOIRES";294;"0,12%";"0,28%";0;15;LDIV;"LISTE ASSELINEAU-FREXIT";"LISTE ASSELINEAU-FREXIT, POUR LE POUVOIR D'ACHAT ET POUR LA PAIX";1166;"0,47%";"1,11%";0;16;LEXG;"PAIX ET DECROISSANCE";"PAIX ET DECROISSANCE";10;"0,00%";"0,01%";0;17;LDIV;"POUR UNE AUTRE EUROPE";"POUR UNE AUTRE EUROPE";1;"0,00%";"0,00%";0;18;LLR;"LA DROITE POUR FAIRE ENTENDRE LA VOIX DE LA FRANCE EN EUROPE";"LA DROITE POUR FAIRE ENTENDRE LA VOIX DE LA FRANCE EN EUROPE";7474;"3,00%";"7,09%";6;19;LEXG;"LUTTE OUVRIERE";"LUTTE OUVRIERE - LE CAMP DES TRAVAILLEURS";256;"0,10%";"0,24%";0;20;LDVG;"CHANGER L'EUROPE";"CHANGER L'EUROPE";5;"0,00%";"0,00%";0;21;LDIV;NLP;"NOUS LE PEUPLE";22;"0,01%";"0,02%";0;22;LEXG;"URGENCE REVOLUTION !";"POUR UN MONDE SANS FRONTIERES NI PATRONS, URGENCE REVOLUTION !";3;"0,00%";"0,00%";0;23;LEXG;PPL;"""POUR LE PAIN, LA PAIX, LA LIBERTÉ !"" PRÉSENTÉE PAR LE PARTI DES TRAVAILLEURS";2;"0,00%";"0,00%";0;24;LEXD;"L'EUROPE CA SUFFIT !";"L'EUROPE CA SUFFIT !";1086;"0,44%";"1,03%";0;25;LDIV;"PRENONS-NOUS EN MAIN";"NON ! PRENONS-NOUS EN MAINS";0;"0,00%";"0,00%";0;26;LEXD;"FORTERESSE EUROPE";"FORTERESSE EUROPE - LISTE D'UNITE NATIONALISTE";12;"0,00%";"0,01%";0;27;LUG;"REVEIL EUR";"RÉVEILLER L'EUROPE";9508;"3,82%";"9,02%";13;28;LEXG;"NON À L'UE ET À L'OTAN, COMMUNISTES POUR LA PAIX ET LE PROGRÈS SOCIAL";"NON À L'UE ET À L'OTAN, COMMUNISTES POUR LA PAIX ET LE PROGRÈS SOCIAL";5;"0,00%";"0,00%";0;29;LDVD;AR;"ALLIANCE RURALE";6091;"2,45%";"5,78%";0;30;LDIV;"FRANCE LIBRE";"FRANCE LIBRE";28;"0,01%";"0,03%";0;31;LDVG;"EUROPE TERRITOIRES ÉCOLOGIE";"EUROPE TERRITOIRES ÉCOLOGIE";999;"0,40%";"0,95%";0;32;LDIV;"LA RUCHE CITOYENNE";"LA RUCHE CITOYENNE";19;"0,01%";"0,02%";0;33;LCOM;"GAUCHE UNIE";"GAUCHE UNIE POUR LE MONDE DU TRAVAIL SOUTENUE PAR FABIEN ROUSSEL";2564;"1,03%";"2,43%";0;34;LDIV;"DEFENDRE LES ENFANTS";"DEFENDRE LES ENFANTS";2;"0,00%";"0,00%";0;35;LECO;EAC;"ÉCOLOGIE AU CENTRE";743;"0,30%";"0,71%";0;36;LDIV;"DEMOCRATIE REPRESENTATIVE";"DEMOCRATIE REPRESENTATIVE";1;"0,00%";"0,00%";0;37;LDIV;ESPERANTO;"ESPERANTO LANGUE COMMUNE";49;"0,02%";"0,05%";0;38;LDIV;"LIBERTÉ DÉMOCRATIQUE FRANÇAISE";"LIBERTÉ DÉMOCRATIQUE FRANÇAISE";3;"0,00%";"0,00%";0
